codigo,descripcion,barrio,alturaini,alturafin
02614,0 (COLECTORA),,505300,506499
02372,AVENIDA ELIAS ANTUNEZ,,0,3299
02687,128 - BATAN,,1500,2049
02636,12 BIS - LA TRINIDAD,,1700,2699
03350,12 - GLORIA DE LA PELEGRINA,,0,699
02644,13 BIS-LA TRINIDAD,,900,1699
02643,13-LA TRINIDAD,,400,1699
03351,14 - GLORIA DE LA PELEGRINA,,0,699
02634,16-LA TRINIDAD,,800,1699
05072,173 BIS,,7400,7499
05071,175 BIS,,7500,7599
05070,177 BIS,,7648,7699
05069,179 BIS,,7750,7799
05067,183 BIS,,7900,7999
03307,1 - ARROYO SECO,,400,699
02666,1 - CNIA. BARRAGAN,,0,1399
05041,211 BIS,,9100,9299
05044,22 DE ABRIL,,8900,8999
05043,270 BIS,,450,549
05042,272 BIS,,450,549
02650,3-LA TRINIDAD,,400,849
04284,433 BIS,,600,2999
02720,4 - CNIA. BARRAGAN,,0,1999
03346,4 - GLORIA DE LA PELEGRINA,,500,899
04765,67 - NUEVO GOLF,,3800,3899
03347,6 - GLORIA DE LA PELEGRINA,,500,899
02682,7 - GLORIA DE LA PELEGRINA,,0,1199
02648,7-LA TRINIDAD,,400,849
04740,83 - LOMAS DEL GOLF,,4900,5299
02681,9 - GLORIA DE LA PELEGRINA,,0,599
02647,9-LA TRINIDAD,,400,2699
04541,ACACIAS,,2100,2349
04795,ACCESO A CIRC 2 PARC 344B Y 345B,,0,1099
04796,ACCESO A CIRC 2 PARC 361H,,0,1599
02704,ACCESO A CIRC 2 PARC 409,,0,2649
05098,ACCESO A ESCOLLERA NORTE,,0,1199
03320,ACCESO PRINCIPAL A CIRC 3 PARCS 37,,0,999
00510,ADOLFO E DAVILA,,1300,1399
03002,ADRIANA,,0,199
02051,AGUA BLANCA,,3100,3499
02218,AGUATERO,,1100,1399
00729,AGUSTIN MAGALDI,,0,999
00882,AGUSTIN RODRIGUEZ,,700,1299
02350,ALBERTO DEL SOLAR,,11900,12399
02300,ALEJANDRO VOLTA,,3700,4459
02272,ALFREDO L. PALACIOS,,3400,5499
02344,ALFREDO MARTINEZ BAYA,,2100,2199
02279,ALGEL VICENTE PEÑALOZA,,3700,3899
03004,ALICIA,,0,299
00333,ALMONACID VICENTE,,7900,8099
04693,CALLE 14 B,ESTACION CHAPADMALAL,300,399
03122,SARA,,0,99
00400,AMBROSIO BESTOSO,,0,3199
00347,AMEGHINO,,200,599
00486,AMERICO RAUL CANOSA,,0,1099
03005,ANALIA,,0,99
04100,ANDRES IGNACIO CORSINI,,2950,9899
03006,ANGEL,,0,699
03007,ANGELA,,0,199
03220,CALLE 9,LA GLORIA DE LA PEREGRINA,50,699
04485,CALLE 9,EL MARQUESADO,0,999
02580,CALLE 9,PARQUE EL CASAL,0,399
03277,CALLE 9,LA GERMANA,0,1699
04670,CALLE 9,BATAN,2600,3399
04529,CALLE 91,SAN EDUARDO DEL MAR,500,999
04573,CALLE 91,NUEVO GOLF,4700,4899
04530,CALLE 93,SAN EDUARDO DEL MAR,200,999
04706,CALLE 94,PARQUE HERMOSO Y VALLE HERMOSO,8200,9599
04531,CALLE 95,SAN EDUARDO DEL MAR,200,2449
04532,CALLE 97,SAN EDUARDO DEL MAR,200,2549
04533,CALLE 99,SAN EDUARDO DEL MAR,200,2549
02555,CALLE 9 B,PARQUE CAMET,0,179
03245,CALLE 9 B,LA GLORIA DE LA PEREGRINA,1000,1099
02568,CALLE 9 C,PARQUE CAMET,7600,8099
03304,CALLE 9 -  COSTA ALEGRE,LA GLORIA DE LA PEREGRINA,700,1199
02153,CAMET FLORENCIO,,1100,1399
02154,CAMET JUAN PEDRO,,1100,1299
04710,CAMINO IV ENTRE PARC 72 C Y 73 B,,0,1299
00441,CAMINO VIEJO A MIRAMAR,,3200,6899
02220,CAMPESINOS,,1100,1399
04761,CAMPO FLOR,,4700,4899
00442,CANADA,,0,3199
04109,CANAI QUEN,,400,1499
02099,SCAGLIA LORENZO,,5400,8199
04357,CANAI QUEN,PLAYA LOS LOBOS,0,7399
00443,CANDELARIA LUIS,,0,2199
04780,CANGAPOL-BQ.P.R,,4800,4999
02739,Cannes,,5500,5699
04144,CARDENAL,,250,1399
03016,CARLOS,,0,199
05051,ARQ.CEDRON,,1900,1999
02356,CARLOS BERRA,,2100,2199
00492,CARLOS DE CHAPEAUROUGE INGENIERO,,0,5799
02210,CARLOS EDUARDO KRAUSE CAPITAN,,1900,1999
00603,CARLOS GARDEL,,0,1899
00518,CARLOS M. DELLA PAOLERA INGENIERO,,0,2699
02252,CARLOS MELGA,,5400,5899
02266,CARLOS MUJICA PADRE,,4200,4299
00820,CARLOS PELLEGRINI,,2400,5099
02441,Carlos Pigozi,,0,1899
02317,CARLOS SAAVEDRA LAMAS,,3100,3899
00948,CARLOS TEJEDOR,,0,3799
00694,CARMEN DE LAS FLORES,,0,1899
04168,CAROYAS,,1200,2099
00450,CASEROS,,4000,5799
02432,Catani,,0,199
04096,CATULO CASTILLO,,2400,2699
00984,CASILDO VILLAR,,200,6998
02061,SCIOCCO DOMINGO,,0,5849
02347,SEBASTIAN GARAU,,1800,2299
02224,SEMBRADOR,,1140,1299
05060,SICILIA BIS,,7100,7499
00452,CASTELLI JUAN JOSE,,0,9799
00507,CATALINA DAPROTIS,,0,8199
00455,CATALUÑA,,0,8999
00457,CATAMARCA,,600,4599
04672,CALLE 13 B,ESTACION CHAPADMALAL,100,2699
04672,CALLE 13 B,,100,2699
02563,CALLE 14,DOS DE ABRIL,0,1799
04007,CATRIEL CIRPRIANO,,6200,10899
04192,CAUPOLICAN,,3800,4999
00879,CAYETANO RODRIGUEZ,,2900,4799
03018,CECILIA,,0,1999
02085,CEDRO AZUL,,2900,7399
04540,CEDROS,,2100,2299
00778,CEFERINO NAMUNCURA,,0,8599
04094,CELEDONIO FLORES,,2000,3349
02307,CELESTINO GALDOS,,4000,4399
00991,CELESTINO VIDAL CORONEL,,1100,3999
02712,CNO.A LOS PATOS - EL COYUNCO B,LA PEREGRINA,5800,9699
02713,CNO. CIRC 2 ENTRE PAR 388AA Y 390,,0,2599
02688,CNO. CIRC 2 ENTRE PAR 894D Y 873B,,0,599
02697,CNO. CIRC 2 ENTRE PAR 898A Y 891D,,0,2299
02700,CNO. CIRC 2 ENTRE PAR 923 Y 914,,0,1199
02703,CNO. CIRC 2 ENTRE PAR 949 Y 938,,0,999
03344,SIERRA DE LOS DIFUNTOS,,600,999
00460,CERRITO,,0,6099
02375,CERRO ACONCAGUA,,6600,7799
03336,CNO. CIRC 3J ENTRE FRAC 3 Y 4,,0,499
03338,CNO. CIRC 3J ENTRE FRAC 5 Y 6,,300,599
03342,CNO. CIRC 3M ENTRE FRAC 1-2 Y 5-6,,0,1199
03340,CNO. CIRC 3M ENTRE FRAC 1-5 Y 2-6,,0,1599
02667,CNO.CNIA BARRAGAN-PJE HERMANAS,,0,12999
02669,CNO. COL BARRAGAN A LIMITE NORESTE,,0,3699
02714,CNO. CONSTITUCION - CNO.A LA TAPERA NORTE,,1100,2999
02692,CNO.DEL CABILDO INDIGENA,,0,499
02689,CNO.DEL CACIQUE CANGAPOL,,0,1699
04788,CNO.EA. LAS LOMITAS - OTAMENDI,,0,10899
02661,CNO.EL CASAL - STA CLARA,,2000,4599
02652,CNO.EL TEJADO - EST COBO,,0,6219
02710,CNO.ENTRADA EST. EL SOLITARIO,,0,2194
02662,CNO. ENTRADA. GAZZOLO,,0,2399
02631,CNO.EST CAMET - EL RETAZO,,0,3799
04789,CNO. EST. CHAPADMALAL - OTAMENDI,,0,9849
02663,CNO.EST COBO-COLONIA BARRAGAN,,0,5299
02670,CNO. EST. COBO - EA. ITUZAINGO,PARQUE EL CASAL,0,13699
02670,CNO. EST. COBO - EA. ITUZAINGO,SANTA PAULA,0,13699
02526,CALLE 2,PARQUE MONTEMAR-EL GROSELLAR,5100,5949
04607,CALLE 2,ESTACION CHAPADMALAL,300,599
02501,CALLE 20 B,ESTACION CAMET,0,199
02510,CALLE 22,,100,199
04252,CALLE 12 BIS,LOS ACANTILADOS,300,4799
04800,CALLE 248 BIS,,700,773
02670,CNO. EST. COBO - EA. ITUZAINGO,LA PEREGRINA,0,13699
03341,CNO. EST. COBO - EA. ITUZAINGO B,LA PEREGRINA,0,2799
02668,CNO. LIMITE NORESTE,,0,3199
03298,CNO. LIMITE NOROESTE NORTE,,122100,198299
04787,CNO.MARAYUI - EA STA ISABEL,,0,7799
03310,CNO.NOROESTE LA BOMBA,,0,4399
04792,CNO. PARQUE HERMOSO A AEROCLUB,,0,4999
04767,CNO.PIGS-J.B. JUSTO,,0,4580
03323,CNO. RIO PINTO - BORDEU JUAN,,1400,2249
02684,CNO. RUTA 226 A CIRC 2 PARC 796A,,0,1699
02685,CNO. RUTA 226 A CIRC 2 PARC 800,,0,1499
02686,CNO. RUTA 226 A CIRC 2 PARC 805,,0,1499
02696,CNO. RUTA 226 A CIRC 2 PARC 886,,0,1099
02695,CNO.RUTA 226-A DE LOS PADRES,,0,5731
02632,CNO.RUTA 226 - LA LAURA,,0,6450
04793,CNO. RUTA 88 A CALLE LIB.GRAL.SAN MARTIN,,0,599
03321,CNO.S.DE LOS PADRES-V.SERRANA,,0,7199
02633,CNO.STA PAULA - EL SOSIEGO,,0,9319
03299,CNO.STA PAULA-PJE LAS HERMANAS,,0,20299
02691,CNO.URANGA HELMER,,0,1199
03241,COLECTORA,,10500,18899
04324,COLECTORA CALLE 515,,200,11899
01004,COLECTORA NORTE VIA,,8600,9499
04194,COLIQUEO,,3900,4999
02389,CERRO ADELA,,7600,7799
02620,CERRO AZUL,,4500,4799
02388,CERRO CAMPANARIO,,7300,7799
00469,COLOMBIA,,0,2999
04161,COMECHINGONES,,1250,2099
02155,COMODORO RIVADAVIA,,3600,4599
01397,COMUNA DE MAFALDA,,0,1699
00779,COMUNIDAD FORAL DE NAVARRA,,0,1699
00357,CONCEPCION ARENAL,,3700,9099
02308,CONRADO NALE ROXLO,,5450,11399
02467,Constantino Gonzalez,,800,1799
04356,CALLE 12 BIS,SAN EDUARDO DEL MAR,0,3399
02585,CALLE 21,PARQUE EL CASAL,0,799
02539,CALLE 28,PARQUE CAMET,8100,8299
02589,CALLE 29,PARQUE EL CASAL,0,149
04621,CALLE 30,ESTACION CHAPADMALAL,0,999
04497,CALLE 33,EL MARQUESADO,400,999
05026,CALLE 40,EL BOQUERON,200,299
04076,CORBETA GRANVILLE,,3200,3499
00484,CORBETA URUGUAY,,3400,10699
00935,SERRANO JOSE M,,2900,5299
00470,CORDOBA,,1200,4699
05050,CORONEL SUAREZ BIS,,3000,3299
00472,CORRIENTES,,1200,4699
02068,COSTA ATLANTICA,,4500,5399
02060,COSTA AZUL,PARQUE MONTEMAR-EL GROSELLAR,2800,5699
02060,COSTA AZUL,FRAY LUIS BELTRAN,2800,5699
02060,COSTA AZUL,PARQUE CAMET,2800,5699
02066,COSTA PAMPEANA,,5050,5299
02101,CRAMER AMBROSIO,,5600,5749
02195,CRUCERO ARA BELGRANO GENERAL,,0,999
02385,CERRO FATIMA,,6600,7799
02381,CERRO FITZ ROY,,6600,7799
02379,CERRO HERMOSO,,6600,7799
04081,CRUCERO LA ARGENTINA,,3300,3499
02628,CRUZ DEL NORTE,,8000,8299
00483,CURA BROCHERO,,4800,7399
04549,CURRUNAHEL,,1900,1999
02054,DAGLIO CAYETANO,,2900,3499
03154,DAMIAN,,0,99
03020,DANIEL,,100,299
03021,DANIELA,,0,599
02201,DANIEL ANTONIO JUKIC TENIENTE,,1400,1899
00328,DANTE ALIGHIERI,,0,599
03022,DARDO,,0,99
00878,DARDO ROCHA,,0,799
00508,DARREGUEYRA JOSE,,2700,3799
03142,EL VALLE,,0,699
04385,CALLE 44,SAN EDUARDO DE CHAPADMALAL,7700,8499
04295,CALLE 455,SANTA ROSA DEL MAR DE PERALTA RAMOS,200,2399
02446,D´Artagnan Lohiol,,0,2599
02430,Severo Ruiz,,0,199
00795,DAVID ORTEGA PRESBITERO,,0,3399
02112,DE APARICIO FRANCISCO,,6600,6799
04785,DE DIOS FILIBERTO JUAN BIS,,700,799
04722,DE LA ENRAMADA,,4700,4799
02618,DE LA INMIGRACION,,0,1499
04724,DEL ALJIBE,,5600,5799
00512,DE LA PLAZA FORTUNATO,,1800,11899
03206,DE LA REDUCCION,,0,799
04754,DE LAS CARRETAS,,4500,4699
00517,DE LAS OLIMPIADAS,,400,1099
04733,DEL CORRALERO,,5600,5699
04738,DEL LUCERO,,5300,5399
02616,DE LOS ESPAÑOLES B,,0,1499
02708,DE LOS ESPA?OLES,,0,1499
04719,DE LOS INCAS,,1300,1799
00506,DE LOS INMIGRANTES,,0,4399
02617,DE LOS ITALIANOS,,0,1499
03207,DE LOS JESUITAS,,0,799
01009,DE LOS JUBILADOS,,0,399
02693,DE LOS MISIONEROS,,0,1199
03191,DE LOS PEREGRINOS,,0,1899
05082,DE LOS PESCADORES,,0,1199
00866,DE LOS RESERVISTAS,,0,999
03202,DEL PUEBLO PAMPA,,0,799
04717,DEL TEJAR,,1300,1799
04283,DEL VALLE MARIA REMEDIOS,,50,6899
00731,DE MARCHI ANTONIO,,1100,1599
00661,DE MARIA DAVID JEWETT CORONEL,,4000,5099
05045,DE ROSAS JUAN M,,8800,8999
00530,DERQUI,,0,1199
04077,DESTRUCTOR HERCULES,,3150,3399
04336,DIAGONAL,,2800,2949
04337,DIAGONAL,SANTA ROSA DEL MAR DE PERALTA RAMOS,100,399
04315,CALLE 497,LOS ACANTILADOS,300,1499
02558,CALLE 4 B,PARQUE CAMET,400,449
03284,CALLE 4 B,LA GERMANA,0,799
04333,DIAGONAL,LOS ACANTILADOS,4500,4799
04502,DIAGONAL  41,,200,1799
04390,DIAGONAL 707,,300,2549
04391,DIAGONAL 709,,500,2599
04392,DIAGONAL 709 BIS,,600,699
04393,DIAGONAL 711,,100,699
00738,DIAGONAL HOMERO MANZI,,0,199
00852,DIAGONAL HORACIO QUIROGA,,4200,4599
00809,DIAGONAL JOSE PEDRONI,,0,299
00461,DIAGONAL JUSTO ERNESTO ROMAN,,0,5198
00718,DIAGONAL LEOPOLDO LUGONES,,1780,2399
02411,DIAGONAL LOS CURROS,,3800,4499
00429,DIAGONAL MANUEL CANATA,,2400,2799
02392,DIAGONAL MAR AUSTRAL,,900,1799
02328,DIAGONAL MAR DEL PLATA,,9750,10229
04326,DIAGONAL NORTE,SAN JACINTO,0,399
04329,DIAGONAL NORTE,LOS ACANTILADOS,200,649
00793,DIAGONAL OMBU,,3800,4599
00998,DIAGONAL OVIDIO ZUBIAURRE,,4000,4099
04328,DIAGONAL PLAYA SERENA,,1000,1699
00848,DIAGONAL PUEYRREDON,,2900,3398
00519,DIAGONAL RENE FAVALORO,,0,299
04327,DIAGONAL SAN JACINTO,,100,549
00918,DIAGONAL SANTA CECILIA,,0,3199
00917,DIAGONAL SANTANGELO INVADO,,1200,3799
02378,CERRO MERCEDARIO,,6600,7499
02511,CERRO MURALLON,,6600,7799
02383,CERRO NEVADO,,6600,7799
02377,CERRO PAINE,,6600,7199
02390,CERRO SAN VALENTIN,,6600,7799
04335,DIAGONAL SANTA ROSA DEL MAR,,0,2309
04330,DIAGONAL SUR,,0,649
02208,DIARTE OSCAR SOLDADO,,1100,1799
02107,DIECKMANN JUANA G.,,6600,6799
03023,DIEGO,,0,199
04321,CALLE 509,SANTA ROSA DEL MAR DE PERALTA RAMOS,300,4999
02723,CALLE 51,BATAN,3700,3899
04651,CALLE 6,PARQUE INDUSTRIAL,0,299
04578,CALLE 67 BIS,NUEVO GOLF,3800,3849
04399,CALLE 719,PLAYA CHAPADMALAL,100,699
04522,CALLE 77,SAN EDUARDO DEL MAR,500,999
04586,CALLE 78,NUEVO GOLF,4000,4099
04344,CALLE 693,PLAYA LOS LOBOS,100,399
02494,CALLE 8,ESTACION CAMET,0,299
04366,CALLE 695 B,PLAYA LOS LOBOS,2100,2299
04353,CALLE 8,PLAYA CHAPADMALAL,0,7699
02198,DIEGO MARTIN BELLINZONA SOLDADO,,1900,2599
02283,DOLORES MEMBRIVES,,3700,3899
02287,"DOLORES MORA ""LOLA""",,3450,3799
03024,DOMINGO,,0,899
02263,DOMINGO BATAN,,3400,5199
00636,DOMINGO HEGUILOR,,0,3499
00341,DONATO ALVAREZ,,2800,2999
00532,DON BOSCO,,0,4199
00535,DON ORIONE,,0,3299
03025,DOROTEA,,0,199
00537,DORREGO,,0,4399
04794,EA. SAN JUSTO,,0,4100
00541,ECUADOR,,200,2999
04098,EDUARDO AROLAS,,9800,10799
00414,EDUARDO BRADLEY,,0,1699
03337,SIERRA DE PUAN,,300,699
00712,TEODORO BRONZINI,,0,3999
02320,TEODORO J. BRONZINI,,2600,3899
02373,CERRO TRONADOR,,100,7599
00445,EDUARDO G. CARASA,,1800,12499
02297,EDUARDO MALLEA,,3000,3199
00829,EDUARDO PERALTA RAMOS,,0,3399
04000,CHANAL CACIQUE,,7900,10299
04526,CALLE 85,SAN EDUARDO DEL MAR,200,899
04706,CALLE 94,LAS CANTERAS,8200,9599
03015,CAMILO,,0,299
03179,CAMINO DEL CABILDO INDIGENA,,0,1199
00444,CASTILLA Y LEON,,0,1149
03339,CNO. CIRC 3 ENTRE PARC 49M Y 50 A,,0,1299
02386,CERRO ACONQUIJA,,6700,7799
02387,CERRO FIAMBALA,,6900,7799
02374,CERRO LANIN,,6499,7699
02376,CERRO TORRE,,6600,6899
02559,CALLE 6 B,PARQUE CAMET,200,449
00462,CERVANTES SAAVEDRA,,1400,3199
00495,CHARLONE,,0,299
04162,CHARRUAS,,1000,1699
05047,CHILABERT BIS,,3000,3599
04141,CHINGOLO,COLINA ALEGRE,30,1399
04346,CALLE 697,PLAYA LOS LOBOS,100,699
00413,CIUDAD DE BRAGADO,,300,1899
03215,CIUDAD DE ROMA,,0,1199
03019,CLAUDIA,,0,299
04356,CALLE 12 BIS,PLAYA LOS LOBOS,0,3399
02694,CNO.A.LAS BRUSQUITAS-L BRAVA,,0,23099
02715,CNO. A. LA TAPERA AL NORTE,,0,2399
02683,CNO.A LOS PATOS - EL COYUNCO,LA PEREGRINA,0,1999
00927,TEODORO SANCHEZ DE BUSTAMANTE,,2900,5299
03127,TERESA,,0,99
00631,GUTENBERG JUAN,,1300,9499
02162,HAENCKE TADEO,,1400,1799
02366,HARAS ABOLENGO,,0,599
02359,HARAS ALFALFAR,,0,599
02369,HARAS COMALAL,,0,599
02361,HARAS EL CANDIL,,0,599
02371,HARAS EL TURF,,0,599
02360,HARAS EL VENCEDOR,,0,599
02365,HARAS FIRMAMENTO,,0,599
02362,HARAS HORIZONTE,,0,599
02367,HARAS LA BIZNAGA,,0,599
02368,HARAS LA MADRUGADA,,0,599
02370,HARAS LAS ORTIGAS,,0,599
02364,HARAS MALAL HUE,,0,599
02363,HARAS VOCACION,,0,599
02623,HAYDIN,,5300,5499
03052,HECTOR,,0,499
02188,HECTOR ANTONIO DUFRECHOU MAR PRIMERA,,1000,1099
02211,HECTOR BORDON CABO,,700,799
02333,HECTOR TARANTINO DOCTOR,,1500,2899
00636,HEGUILOR DOMINGO,,0,3499
05058,HEGUILOR DOMINGO BIS,,2300,2399
02433,Hnos Smith,,0,899
02163,HOLMBERG EDUARDO L.,,1400,1799
02338,HORACIO ENGLENDER,,1700,2199
00611,HORACIO GAUDINI,,1300,1999
02109,HOUSSAY BERNARDO A.,,5700,8299
04174,HUARPES,,1250,1899
02454,Huder,,300,999
02321,HUGO DEL CARRIL,,2600,3699
02733,HUILEN,,4250,4349
00561,IDIOMA INTERNACIONAL ESPERANTO,,0,4580
03058,IGNACIO,,0,299
04013,IGNACIO OLAN,,6200,10799
04487,CALLE 13,EL MARQUESADO,200,1399
02582,CALLE 13,PARQUE EL CASAL,0,399
04394,DIAGONAL 711 BIS,,550,699
02391,DIAGONAL ATLANTICO SUR,,900,1399
02498,DIAGONAL CALLE 14,,600,1599
04630,DIAGONAL CALLE 48,,1300,1420
04631,DIAGONAL CALLE 50,,1300,1599
03059,INES,,0,99
04442,DIAGONAL CALLE 66,,0,1499
04458,DIAGONAL CALLE 68,,1100,7349
05107,EL ZAINO,,15700,15799
04042,DIAGONAL ESTANCIA LA REFORMA,,500,699
00951,JOSE IGNACIO THAMES,,2900,5299
00645,JOSE INGENIEROS,,0,3799
00677,JOSE LANZILOTA,,0,3399
02217,JOSE LEONIDAS ARDILES TENIENTE 1º,,1000,1099
00700,JOSE LIJO LOPEZ,,4200,8999
02202,JOSE LUIS DEL HIERRO SOLDADO,,1400,2399
00646,JOSE LUIS GERONIMO CAMUSSO INTENDENTE,,0,4399
00567,JOSE MANUEL ESTRADA,,0,7599
00831,JOSE MARIA PIRAN GENERAL,,0,2499
00737,JOSE MARMOL,,0,999
00740,JOSE MARTI,,0,3599
00437,JOSE M. CALAZA CORONEL,,0,3399
00797,JOSE ORTEGA Y GASSET,,0,2899
02439,Jose Pantea,,0,2499
04092,JOSE RAZZANO,,2000,3099
02199,JOSE RODRIGUEZ SOLDADO,,1400,1799
00394,JOSE ROGER BALET,,0,249
00723,JOSE SEVERO FELICIANO MALABIA,,2800,3199
04004,JOSE YAHATY,,5900,9999
00996,JOSE ZACAGNINI,,4400,7399
03068,JUAN,,0,499
03069,JUANA,,0,99
02306,ESTANCIA SAN CIPRIANO,,3400,3699
04137,GOYENECHE ROBERTO,,9700,9899
00566,ESQUIVEL EMILIO J.,,7900,8399
04035,ESTANCIA CHAPADMALAL,,0,999
04032,ESTANCIA EL BOQUERON,,500,699
04038,ESTANCIA LA COLMENA,,0,299
04039,ESTANCIA LA CORONA,,1400,5799
04749,LAS NAZARENAS,,4500,4699
02519,CALLE 13,PARQUE CAMET,5100,5799
04762,LA TABA,,5300,5398
02295,ESTEBAN ANGEL BONANNI,,3000,3399
03033,ESTELA,,0,99
03035,EUGENIA,,0,99
02259,HERNAN CORTES,,3800,5850
00635,HERNANDARIAS,,2900,10699
02304,HEROES DE MALVINAS,,3700,5899
04166,LOS TEHUELCHES,,1200,1699
02484,LOS TILOS,ESTACION CAMET,0,1199
02170,LOS TILOS B,ESTACION CAMET,4900,5099
02238,LOS TULIPANES,,1200,3599
03197,LOS ZORZALES,,250,739
00706,LUCANIA,,1100,1699
03079,LUCIANO,,0,499
00365,LUCIANO ARRUE,,0,2999
03080,LUCIO,,0,199
02293,LUCIO VARELA,,3450,3799
03081,LUIS,,0,199
03082,LUISA,,0,999
00310,LUIS AGOTE,,0,3199
00576,LUIS ANGEL FIRPO,,0,499
00393,LUIS BELTRAN FRAY,,4800,8199
00522,LUIS DELLEPIANE,,0,3599
02436,Luis del Oro,,0,199
01413,LUIS FRANCO,,0,1099
02200,LUIS GUILLERMO SEVILLA CABO,,1400,1799
02318,LUIS LELOIR,,3100,3899
00410,HIPOLITO BOUCHARD,,2400,12499
04659,CALLE 236,JOSE HERNANDEZ,500,1899
03288,HELMER URANGA,,0,4099
02730,HELMER URANGA BIS,,200,4199
02251,HERMANN GMEINER DOCTOR,,0,11799
04348,CALLE 697 BIS,PLAYA LOS LOBOS,400,499
02221,HERRERIA,,1100,1299
03053,HIGINO,,0,99
03054,HILARIO,,0,199
03055,HILDA,,0,99
04093,MAIZANI AZUCENA,,1900,2699
00725,MALVINAS,,0,3999
00565,MAMERTO ESQUIU FRAY,,0,2399
04186,MANCU COPAC,,4050,4099
04188,MANGORE,,3800,5199
04215,MANSILLA,,1700,2099
00301,MANUEL ANTONIO ACEVEDO,,2000,3199
00818,MANUELA PEDRAZA,,0,3099
04005,MANUEL BAIGORRITA,,6200,10899
02455,Manuel Blanco,PARQUE EL CASAL,200,999
04199,MANUEL GRANDE,,4800,4899
00626,MANUEL I. GONZALEZ GUERRICO INTENDENTE,,500,2799
00930,MANUEL N. SAVIO GENERAL,,0,3199
03185,MANUEL QUERINI PADRE,,0,799
04286,TESONE JUAN OTIMIO DOCTOR,,100,3999
00665,JUNCAL,,0,3999
00667,JURAMENTO,,0,6399
00934,JUSTO SANTA MARIA DE ORO,,2900,5299
00705,JUSTO S. LOPEZ DE GOMARA,,3800,10199
02096,KRAGLIEVICH LUCAS,,5300,8199
04753,LA AGUADA,,4700,4799
04659,CALLE 236,GENERAL BELGRANO,500,1899
03071,JULIAN,,50,199
02270,JULIAN RIOS,,3400,6299
00857,JULIO RATERY INGENIERO,,0,3199
00989,JULIO VERNE,,9100,9350
03072,JUSTO,,0,99
03303,LA BRAVA - C. VERDES,,800,999
03084,MARCOS,,0,199
04052,LA CALANDRIA,EL JARDIN DE STELLA MARIS,0,399
04147,LA CALANDRIA,,7100,7699
04051,LA GOLONDRINA,,0,399
04595,CALLE 13,ESTACION CHAPADMALAL,0,2099
03153,LA LAGUNA,,0,399
02491,CALLE 13,ESTACION CAMET,0,399
04766,GUTENBERG BIS,EL MARTILLO,6800,7099
00830,PERU,,0,2999
00832,PESCADORES,,400,3199
05076,PESQ.AMAPOLA Y ANGELITO,,400,999
04026,PESQUERO HALCON,,2900,3199
04027,PESQUERO HAPPY DAYS,,2900,3099
04078,PESQUERO KONTIKI,,3300,3499
04019,PESQUERO NARWAL,,3200,3599
04028,PESQUERO NOMADE,,2900,3499
04024,PESQUERO PALMA MADRE,,2900,3499
04025,PESQUERO PUMARA,,2900,3199
04031,PESQUERO QUO VADIS,,3600,3799
02078,LOS CEREZOS,,2900,5799
04551,LOS CHAÑARES,,1700,3849
03196,LOS CHIMANGOS,,250,729
04777,LOS CHIRIGUANOS,,2100,2149
01001,LOS CIPRECES,BOSQUE ALEGRE,200,399
02474,LOS CIPRECES,ESTACION CAMET,0,499
04105,PEUMAYEN,,0,1199
03113,PIERINA,,0,499
00833,PIGUE,,0,2999
04172,PILAGAS,,1000,2199
04090,PIÑACAL,,9100,9999
04216,PINCEN,,3800,3999
02615,PIONERO PETERSEN JUAN,,0,2799
02303,PLACIDO GARCIA,,2600,2999
00823,PLUS ULTRA,,1000,2299
00838,POLONIA,,0,3799
04080,PORTAVIONES INDEPENDENCIA,,2900,3499
00841,PORTUGAL,,0,2999
04016,SILVESTRE TOHEL,,6200,10299
03123,SILVIA,,0,99
00840,POSADAS,,0,3499
03114,PRAXEDES,,0,99
05073,PREFECTURA NAVAL ARGENTINA,,0,999
02223,RIO MATANZA,,1100,1299
03234,RIO MAYO,,500,899
04033,ESTANCIA LA COPELINA,,1300,1499
02659,Los Carruajes,,0,2499
03240,LOS CASTAÑOS,,1600,2149
02091,LOS CEIBOS,PARQUE CAMET,6100,6899
02470,LOS CEIBOS,ESTACION CAMET,0,1099
02091,LOS CEIBOS,FRAY LUIS BELTRAN,6100,6899
05048,RAUCH BIS,,3000,3299
00856,RAWSON,,0,10799
00901,REDUCCION NUESTRA SEÑORA DEL PILAR,,0,999
00858,REFORMA UNIVERSITARIA,,0,3499
00893,PASEO COSTANERO DEL SUD PRESIDENTE ARTURO HUMBERTO ILLIA,,5600,33199
00812,PASTEUR,,0,2799
00814,PATAGONES,,0,1699
05055,REFORMA UNIVERSITARIA BIS,,2100,2199
02291,REGINA PACINI DE ALVEAR,,3450,3799
04228,REGION MOLISE,,0,1099
00557,REMEDIOS DE ESCALADA,,0,7299
00860,REMOLCADOR GUARANI,,0,2199
00776,REP. DE NICARAGUA,,1000,2799
04555,SIOUX,,1000,1099
02622,S/N,,4500,5299
03124,SOFIA,,0,99
00861,REPUBLICA ARABE SIRIA,,200,3199
00479,REPUBLICA DE CUBA,,0,3199
00864,REPUBLICA DEL LIBANO,,0,3399
00939,REPUBLICA DE SUDAFRICA,,200,999
04720,REPUBLIQUETAS,,1200,1899
03116,RICARDO,,0,299
03173,RIO MIRAFLORES,,0,699
02393,ROCAS CORMORAN,,0,119
03119,RODOLFO,,0,199
02322,RICARDO BALBIN,,1500,4099
00629,RICARDO GUIRALDES,,800,9499
00632,RICARDO GUTIERREZ,,0,999
02192,RICARDO MARIO GURRIERE SOLDADO,,0,1099
00802,RICARDO PALMA,,0,2599
03110,PATRICIA,,0,99
03111,PAULA,,0,99
00317,PAULA ALBARRACIN,,0,7299
00816,PAUNERO WENCESLAO GENERAL,,0,4999
00885,RICARDO ROJAS,,0,2199
02103,RINGUELET RAUL,,5750,8299
03166,RIO AGUAPEY,,0,1699
03177,RIO ATUEL,,0,1999
03165,RIO BELEN,,0,399
03238,RIO BERMEJO,,0,199
03159,RIO BLANCO,,0,399
03167,RIO CALCHAQUI,,0,399
03160,RIO CANDELARIA,,0,799
03232,RIO CARCARAÑA,,0,2099
03239,RIO CEBALLOS,,0,199
03162,RIO CORCOVADO,,0,999
03292,RIO COSQUIN,,100,199
03174,RIO CURACO,,0,399
03169,RIO DE LA PLATA,,0,399
04715,RIO DE LA PLATA-BO. AUTODROMO,,1200,1799
03171,RIO DULCE,,0,699
03161,RIO FELICIANO,,0,399
02178,RIO GALLEGOS,,1100,1399
03163,RIO GUALEGUAY,,0,399
03176,RIO JACHAL,,0,1399
03235,RIO LAS LAJAS,,0,299
02413,CALLE 136,BATAN,1500,3199
00597,PASEO JESUS DE GALINDEZ,,2800,4350
00798,PASEO VICTORIA OCAMPO,,5400,5899
04173,PATAGONES,BOSQUE PERALTA RAMOS,1250,2099
02174,PATAGONIA,,3600,4299
02672,PDO. DE GRAL. PUEYRREDON,,400,499
02678,PDO. DE LOBERIA,,1800,1899
02429,Hipolito Sosa,,0,599
00412,PEDRO BOUCHEZ,,7400,8199
02459,Pedro Dejorge,PARQUE EL CASAL,0,1399
02215,ROLANDO PACHOLEZUK SOLDADO,,700,899
00910,SAN LORENZO,,0,9299
00914,SAN MARTIN,,0,12899
02472,SAN PATRICIO,,4100,4799
02179,SAN PEDRO,,4300,5398
04231,SAN PIO DE PIETRELCINA PADRE,,0,899
02336,VICENTE LABORANTE,,1700,2199
00707,VICENTE LOPEZ,,200,1199
00916,SAN SALVADOR,,3100,11899
00920,SANTA CRUZ,,0,9699
02180,SANTA ELENA,,1400,1599
00922,SANTA FE,,1200,4699
02181,SANTA INES,,1400,1899
02183,SANTA ROSA,,4600,5099
02451,Santiago Casabruna,,800,1099
02465,Santiago Cayado,,600,1799
04071,SANTIAGO DANERI,,4300,4799
00924,SANTIAGO DEL ESTERO,,1200,4699
04012,SANTIAGO LACAMTU,,6200,9999
02462,Santiago Sastre,,300,1799
04125,AV. DE LOS PESCADORES,,100,1299
04084,ROMPE HIELOS GRAL. SAN MARTIN,,3600,3999
04079,ROMPE HIELOS IRIZAR,,3300,3499
00889,RONDEAU,,0,3299
00900,ROQUE SAENZ PEÑA,,0,5499
03120,ROSA,,0,99
02265,ROSALIA DE CASTRO,,4200,4599
01415,TOSCANA,,0,1099
04083,TRANSPORTE BAHIA SAN BLAS,,3376,3999
04082,TRANSPORTE BAHIA THETIS,,2900,3799
04075,TRANSPORTE CABO DE HORNOS,,3200,3499
04021,TRANSPORTE ISLA DE LOS ESTADOS,,2900,3599
00954,TRES ARROYOS,,0,3899
00959,TRINIDAD TOBAGO,,200,2599
00956,TRIPULANTES DEL FOURNIER,,1900,12499
00958,TRIUNVIRATO,,0,3849
00960,TUCUMAN,,2200,4799
03128,TULIO,,0,299
04187,TUPAC-AMARU,,4050,7401
00963,UDINE,,700,4299
02058,URQUIA SERAPIO,,2900,4799
00968,URUGUAY,,0,4099
02187,USHUAIA,,1100,1399
02325,VILLA GUSTAVA,,1500,3399
00912,SAN LUIS,,1100,4599
02413,CALLE 136,,1500,3199
00806,BLAS PARERA,,0,1799
03129,VALENTINA,,0,99
02572,0 CAMINO A SANTA CLARA,,800,1999
00972,ANTONIO VALENTINI,,0,3599
00352,ARAGON,,0,8999
05078,B/P MARILUZ II,,300,1100
00355,ARANA Y GOIRI,,1900,12499
04169,ARAUCANOS,,1100,2099
00360,ARENALES,,2100,4799
03008,ARGENTINA,,0,499
00520,ARISTOBULO DEL VALLE,,2300,3999
03009,ARMANDO,,100,399
00493,ARMANDO CHULAK,,6600,6999
00362,ARMENIA,,0,3699
04543,AROMOS,,2100,2349
04721,ARRIBE?OS,,1300,1799
04227,ARROYO CORRIENTES,,0,599
03010,ARTURO,,0,299
00330,ARTURO ALIO,,0,7299
00658,ARTURO  MARTIN  JAURETCHE,,0,10799
00716,ARTURO PEDRO LUISONI,,8000,8399
00827,ARTURO PERALTA RAMOS,,3200,4999
04230,ASTOR PIAZZOLLA,,0,1099
00368,ASTURIAS,,0,1999
04183,ATAHUALPA,,3800,4999
03300,10 - ARROYO SECO,,0,399
03349,10 - GLORIA DE LA PELEGRINA,,700,1199
02638,10-LA TRINIDAD,,0,2699
02646,11 BIS-LA TRINIDAD,,900,1699
02290,"ATAHUALPA YUPANQUI ""HECTOR R. CHAVERO""",,3450,3799
00937,AUGUSTO CESAR SANDINO GENERAL,,1400,2799
04389,AUTOPISTA 705 BIS,,2300,2449
02706,AVALOS JUAN,,3200,3399
04130,AV. DE LOS LOBOS MARINOS,,100,1299
05084,B/P MARLIN,,400,599
00370,AVELLANEDA NICOLAS,,0,9299
00289,AVENIDA 10 DE FEBRERO DE 1874,,3200,6499
02516,AVENIDA 7,,5100,5799
02529,AVENIDA 8,,7000,7799
03000,AVENIDA ABEL,,0,399
00351,AVENIDA ANTARTIDA ARGENTINA,,2400,3199
04338,AVENIDA CENTENO NORBERTO O.,,3200,10699
02619,AVENIDA CENTRAL ISLA SOLEDAD,,0,6999
00465,AVENIDA COLON,,800,12899
00467,AVENIDA CONSTITUCION,,0,10199
02345,AVENIDA  DE LA HERRADURA,,1600,2799
00710,VICENTE LOPEZ Y PLANES,,0,3599
00765,VICENTE MONTES CARBALLO DOCTOR,,0,2599
00290,11 DE SETIEMBRE,,2600,10799
02645,11-LA TRINIDAD,,400,1699
02351,AVENIDA DEL HIPODROMO,,1500,1849
04334,AVENIDA DIAGONAL,,1820,1999
04043,AVENIDA ESTANCIA OJO DEL AGUA,,0,675
00440,AVENIDA FELIX U. CAMET,,0,5599
05080,B/P PAMPERO,,0,1399
00555,AVENIDA FERMIN ERREA DOCTOR,,0,3199
02358,AVENIDA FRANCISCO QUINTEROS,,0,599
00642,AVENIDA INDEPENDENCIA,,424,4499
00670,AVENIDA JUAN B. JUSTO DOCTOR,,0,13199
04008,AVENIDA JUAN CUTAY,,5900,7099
00657,AVENIDA JUAN HECTOR JARA,,0,4199
00810,AVENIDA JUAN JOSE PASO,,200,4599
02075,AVENIDA LAS TALAS,,2900,5299
03076,AVENIDA LIA,,0,199
00292,12 DE OCTUBRE,,3000,11399
02637,12-LA TRINIDAD,,800,2699
00695,AVENIDA LIBERTAD,,0,10799
04182,AVENIDA LOS PATAGONES,,1100,1199
05087,B/P PIONERO,,450,799
05088,B/P SAN ANTONINO II,,450,799
04660,CALLE 238,JOSE HERNANDEZ,500,2599
00742,AVENIDA MIGUEL A. MARTINEZ DE HOZ,,0,5601
00826,AVENIDA PATRICIO PERALTA RAMOS,,0,7299
00717,AVENIDA PEDRO LURO,,2100,12899
00895,AVENIDA PRESIDENTE PERON,,0,23899
03157,AVENIDA RIO COLORADO,,0,399
00817,AVENIDA ROBERTO J PAYRO,,3500,4499
00294,14 DE JULIO,,0,4399
02635,14-LA TRINIDAD,,0,1699
02642,15-LA TRINIDAD,,400,999
03352,16 - GLORIA DE LA PELEGRINA,,0,399
00490,AVENIDA SAN MARCELINO CHAMPAGNAT,,0,6299
02182,AVENIDA SANTA MARTA,,1400,1599
00978,AVENIDA VERTIZ,,2500,12499
03216,CALLE 1,LA GLORIA DE LA PEREGRINA,0,699
04347,CALLE 699,PLAYA LOS LOBOS,100,299
03131,VICTOR,,0,1599
03132,VICTORIA,,0,99
00950,AVENIDA VICTORIO TETAMANTI,,0,10499
00762,VICTORIANO E. MONTES DOCTOR,,0,3999
00584,VICTORIO FAGNANI,,600,1399
00375,AYACUCHO,,3100,10599
04091,AYELEP,,9800,9999
02690,AYESA FELIX DE,,0,12999
00991,VIDAL CELESTINO,,1100,3999
02185,VIEDMA,,3600,4899
00982,VIEYTES,,200,3999
00377,AYOLAS,,2900,11899
00380,AZCUENAGA,,200,3202
04093,AZUCENA MAIZANI,,1900,2699
02641,17-LA TRINIDAD,,400,999
05068,181 BIS,,7800,7849
00385,BAHIA BLANCA,,0,3899
04798,BAHÍA THETIS,,1100,1199
00983,VIGNOLO ANTONIO,,0,9399
00387,BALCARCE,,1100,10799
02254,BALDOMERO FERNANDEZ MORENO,,3900,5851
00401,BALDOMERO JOSE DE VIEDMA,,1900,2299
02267,BALTAZAR DEMATTEI,,5200,6199
02435,Bassi,,0,1799
03011,BAUTISTA,,0,199
02450,Bautista Albervide,,100,1199
02342,BAUTISTA BALERDI,,1700,2199
02063,BAUTISTA LAUREANO,,0,5899
00751,BAUTISTA MENDIOROZ,,7900,8399
03137,BEATRIZ,,0,99
00986,VIÑA DEL MAR,,400,1099
02274,VIOLETA PARRA,,3400,5499
00709,VIRGEN DEL ROSARIO,,1500,1599
03133,VIRGINIA,,0,99
00391,BELGICA,,0,2499
02106,AMBROSETTI JUAN B.,,5500,8299
00390,BELGRANO,,2000,19998
00887,BELISARIO ROLDAN,,0,3799
02621,BELL MAR,,4600,4799
00477,BENEDETTO CROCE,,1600,3199
00660,BENITO JUAREZ,,0,2599
00284,1 DE MAYO,,0,4199
02651,1-LA TRINIDAD,,400,2699
05066,201 BIS,,10100,10299
05065,203 BIS,,10000,10199
05040,209 BIS,,9100,9299
00296,20 DE SETIEMBRE,,0,4499
00719,BENITO LINCH,,0,9999
00733,BENITO QUINQUELA MARTIN,,300,1899
00395,BERMEJO,,0,3199
00650,BERNARDO DE IRIGOYEN,,2400,5099
04718,VIRREY DEL PINO,,1200,1899
03186,BERNARDO NUSDORFFER PADRE,,0,799
00397,BERUTI ANTONIO LUIS,,0,10599
00402,BOLIVAR,,-1,12899
05063,232 - BO. V. DE LUJAN,,800,999
05064,234 - BO. V. DE LUJAN,,800,949
03297,250 - BO. AUTODROMO,,1200,1799
00403,BOLIVIA,,0,2999
02151,BOMPLAND AMADO,,1400,1799
00405,BORDABEHERE ENZO,,0,3899
03188,BORDEU JUAN MANUEL,,4000,11099
02111,BORMIDA MARCELO,,6000,6799
04225,BORTHABURU A.,,3200,5199
00407,BOSCH ELISA,,0,4199
04285,BOSCH MAYOL GUILLERMO DOCTOR,,0,3999
04229,BOULEVARD ABDALA GERMAN,,0,1099
04539,BOULEVARD DEL BOSQUE,,0,1699
04159,BOULEVARD NUEVO BOSQUE,,0,4399
04193,BOULEVARD QUANTEMOC,,4050,4999
05094,B/P ALTAIR,,100,599
05090,B/P CAMPANELLO,,300,1099
05089,B/P DON JOSE MOSCUZZA,,300,649
05079,B/P DON TOMAS ROLDAN,,0,1499
05083,B/P DORREGO,,0,799
05086,B/P E. SAN ANTONIO ABATE,,350,799
05077,B/P ESTRELLA DEL SUR,,1100,1499
05081,B/P FOCA,,1000,1099
05096,B/P FOCA B,,300,599
05095,B/P IVONNE MARTA,,0,0
05102,B/P LOS TRES AMIGOS,,0,0
00298,25 DE MAYO,,2700,10899
02721,2 - CNIA. BARRAGAN,,0,1999
02665,3 - CNIA. BARRAGAN,,0,399
05093,B/P SAN GABRIEL,,0,199
05091,B/P SHERIFF 1,,400,949
05085,B/P VICTIMAS DEL 46,,600,1099
05092,B/P VIRGEN DE LAS LAGRIMAS,,0,399
00415,BRANDSEN,,0,10599
00416,BRASIL,,200,2599
03012,BRAULIO,,0,199
00417,BRAVO MARIO,,0,10299
02323,BRIGADIER ROSAS JUAN MANUEL,,2400,4099
03013,BRIGIDA,,0,299
00420,BROWN ALMIRANTE,,700,10799
03014,BRUNO,,0,799
02094,V.M.TERESA MICHEL,,6000,7899
00425,BUENOS AIRES,,1700,4799
02152,BURMEISTER GERMAN,,1300,1999
00476,CABILDO,,5700,5799
02624,CABO CORRIENTES,,5100,5499
04249,CALLE 10,PLAYA SERENA,800,4799
04562,CALLE 69 BIS,NUEVO GOLF,4700,4799
00286,3 DE FEBRERO,,2300,10799
05103,54-BO.EL BOQUERON,,1,1199
04801,54 - EL BOQUERON,,0,99
02664,5 - CNIA. BARRAGAN,,0,399
03345,5 - GLORIA DE LA PELEGRINA,,0,1999
02649,5-LA TRINIDAD,,400,849
00430,CABRAL SARGENTO,,0,99
02102,CABRERA ANGEL,,5600,7399
02059,CALABRESE ENEAS,,2800,5049
00432,CALABRIA,,1300,10000
00426,CALABRIA BIS,EL MARTILLO,6800,7099
05061,CALABRIA BIS B,EL MARTILLO,7100,7499
05061,CALABRIA BIS B,GENERAL PUEYRREDON,7100,7499
05033,CALASANZ BIS,,1800,1899
05049,CALAZA BIS,,3000,3299
04167,CALCHAQUIES,,1100,2199
04220,CALFUCURA,,4000,4249
05006,CALLE 0,EL BOQUERON,0,299
04349,CALLE 0,SAN EDUARDO DE CHAPADMALAL,0,8499
04239,CALLE 0,SAN JACINTO,0,399
03302,6 - ARROYO SECO,,0,399
04349,CALLE 0,PLAYA LOS LOBOS,0,8499
04205,ALELIES,,3350,3449
04241,CALLE 2,ALFAR,0,1599
04660,CALLE 238,GENERAL BELGRANO,500,2599
04349,CALLE 0,ARROYO CHAPADMALAL,0,8499
04239,CALLE 0,ALFAR,0,399
04349,CALLE 0,EL MARQUESADO,0,8499
04349,CALLE 0,SAN EDUARDO DEL MAR,0,8499
04349,CALLE 0,PLAYA CHAPADMALAL,0,8499
04240,CALLE 0 BIS,ALFAR,0,649
04240,CALLE 0 BIS,PLAYA SERENA,0,649
04240,CALLE 0 BIS,SAN JACINTO,0,649
02576,CALLE 1,PARQUE EL CASAL,0,399
04653,CALLE 1,DON EMILIO,10000,10299
04666,CALLE 1,PARQUE HERMOSO Y VALLE HERMOSO,0,2699
03273,CALLE 1,LA GERMANA,200,1699
02613,CALLE 1,PARQUE CAMET,5600,8299
02640,6-LA TRINIDAD,,1700,4699
04426,771 BIS - PLAYA CHAPADMALAL,,0,399
04646,CALLE 1,PARQUE INDUSTRIAL,0,599
04481,CALLE 1,EL MARQUESADO,0,2099
02613,CALLE 1,CAMET FELIX U.,5600,8299
04589,CALLE 1,ESTACION CHAPADMALAL,0,3399
05000,CALLE 1,EL BOQUERON,1,1699
02599,CALLE 1,SANTA PAULA,0,199
04354,CALLE 10,PLAYA CHAPADMALAL,0,6999
02530,CALLE 10,FRAY LUIS BELTRAN,0,5749
04354,CALLE 10,EL MARQUESADO,0,6999
03287,CALLE 10,LA GERMANA,0,2399
03287,CALLE 10,,0,2399
02493,CALLE 10,PARQUE EL CASAL,0,299
05011,CALLE 10,EL BOQUERON,0,299
02561,CALLE 10,PARQUE CAMET,0,599
04249,CALLE 10,SAN PATRICIO,800,4799
03227,CALLE 10,LA GLORIA DE LA PEREGRINA,0,599
02598,CALLE 10,SANTA PAULA,200,499
04611,CALLE 10,ESTACION CHAPADMALAL,300,1499
04354,CALLE 10,PLAYA LOS LOBOS,0,6999
00947,TANDIL,,0,2999
04469,843 - PLAYA CHAPADMALAL,,1100,1999
03301,8 - ARROYO SECO,,0,399
03348,8 - GLORIA DE LA PELEGRINA,,0,699
02639,8-LA TRINIDAD,,0,2699
00288,9 DE JULIO,,2200,10899
04593,9 -EST.CHAPADMALAL,,0,3399
04643,CALLE 204,PARQUE HERMOSO Y VALLE HERMOSO,5200,6199
04644,CALLE 206,PARQUE HERMOSO Y VALLE HERMOSO,5200,6199
04354,CALLE 10,SAN EDUARDO DEL MAR,0,6999
04249,CALLE 10,LOS ACANTILADOS,800,4799
04354,CALLE 10,ARROYO CHAPADMALAL,0,6999
04534,CALLE 101,SAN EDUARDO DEL MAR,200,999
04535,CALLE 103,SAN EDUARDO DEL MAR,200,799
04536,CALLE 105,SAN EDUARDO DEL MAR,100,699
04537,CALLE 107,SAN EDUARDO DEL MAR,200,999
03251,CALLE 10 B,LA GLORIA DE LA PEREGRINA,0,299
04691,CALLE 10 B,ESTACION CHAPADMALAL,100,199
04250,CALLE 10 BIS,SAN JACINTO,100,4799
04358,CALLE 10 BIS,PLAYA LOS LOBOS,2200,2399
02698,ACCESO A CIRC 2 PARC 889 B,,0,199
02699,ACCESO A CIRC 2 PARC 911 A,,0,199
02702,ACCESO A CIRC 2 PARC 924,,0,699
02701,ACCESO A CIRC 2 PARC 948B Y 951,,0,999
03322,ACCESO A CIRC 2 PARC 954B,,0,1099
03318,ACCESO A CIRC 3 PARC 225 J,,0,799
03353,ACCESO A CIRC 3 PARC 8C,,0,979
04250,CALLE 10 BIS,LOS ACANTILADOS,100,4799
04486,CALLE 11,EL MARQUESADO,200,1199
04594,CALLE 11,ESTACION CHAPADMALAL,0,1699
05005,CALLE 11,EL BOQUERON,900,2399
02518,CALLE 11,PARQUE CAMET,5100,5799
03221,CALLE 11,LA GLORIA DE LA PEREGRINA,100,699
02490,CALLE 11,ESTACION CAMET,0,399
02581,CALLE 11,PARQUE EL CASAL,0,799
03246,CALLE 11 B,LA GLORIA DE LA PEREGRINA,1000,1099
04671,CALLE 11 B,COLINA ALEGRE,0,5399
04671,CALLE 11 B,ESTACION CHAPADMALAL,0,5399
04671,CALLE 11 B,PARQUE HERMOSO Y VALLE HERMOSO,0,5399
02556,CALLE 11 B,PARQUE CAMET,0,49
03335,CALLE 11 - EL TREBOL,LA GLORIA DE LA PEREGRINA,1300,1349
04645,CALLE 208,PARQUE HERMOSO Y VALLE HERMOSO,5200,6199
04355,CALLE 12,PLAYA LOS LOBOS,0,7099
04355,CALLE 12,EL MARQUESADO,0,7099
00307,ACHA,,0,3199
03001,ADOLFO,,0,999
02562,CALLE 12,PARQUE CAMET,0,699
04251,CALLE 12,LOS ACANTILADOS,800,4199
04355,CALLE 12,SAN EDUARDO DEL MAR,0,7099
03228,CALLE 12,LA GLORIA DE LA PEREGRINA,0,599
02384,VOLCAN COPAHUE,,6600,7799
04355,CALLE 12,ARROYO CHAPADMALAL,0,7099
04251,CALLE 12,SAN PATRICIO,800,4199
00940,ALFONSINA STORNI,,0,8099
04101,ALFREDO LEPERA,,9500,10099
04355,CALLE 12,PLAYA CHAPADMALAL,0,7099
05012,CALLE 12,EL BOQUERON,0,299
04251,CALLE 12,PLAYA SERENA,800,4199
02497,CALLE 12,ESTACION CAMET,600,799
04612,CALLE 12,ESTACION CHAPADMALAL,300,1499
02348,AGUSTIN VILERT,,1800,2499
00322,ALBERTI MANUEL,,0,10799
00545,ALBERTO EINSTEIN,,0,3729
01008,ALBERT SCHWEITZER DOCTOR,,0,1299
03003,ALDO,,0,999
00312,ALEJANDRO AGUADO,,1200,3199
02197,ALEJANDRO DACHARY TENIENTE,,0,1099
00577,ALEJANDRO FLEMING,,0,3199
00672,ALEJANDRO KORN,,0,3299
02718,CALLE 120 BATAN,,1500,2049
02415,CALLE 128,EL COLMENAR,2050,2399
04692,CALLE 12 B,ESTACION CHAPADMALAL,200,299
04252,CALLE 12 BIS,SAN JACINTO,300,4799
04356,CALLE 12 BIS,PLAYA CHAPADMALAL,0,3399
04356,CALLE 12 BIS,EL MARQUESADO,0,3399
04357,CALLE 14,SAN EDUARDO DEL MAR,0,7399
05013,CALLE 14,EL BOQUERON,0,299
04357,CALLE 14,PLAYA CHAPADMALAL,0,7399
04613,CALLE 14,,0,1899
04357,CALLE 14,PLAYA LOS LOBOS,0,7399
02271,ALICIA MOREAU DE JUSTO,,3400,6299
00332,ALMAFUERTE,,100,5299
00335,ALSINA,,2100,4899
00337,ALVARADO RUDECINDO,,0,9999
02705,ALVAREZ FRANCISCO,,5200,6299
02219,ALVARO,,1100,1299
00342,ALVEAR CARLOS MARIA DE,,1900,4999
00428,AMADEO COUREL,,0,1099
02313,AMALIA V. DE BALLINA,,3100,3499
04357,CALLE 14,ARROYO CHAPADMALAL,0,7399
02563,CALLE 14,PARQUE CAMET,0,1799
03229,CALLE 14,LA GLORIA DE LA PEREGRINA,0,599
02414,CALLE 142,BATAN,3100,3499
04359,CALLE 14 BIS,EL MARQUESADO,0,26501
04359,CALLE 14 BIS,PLAYA LOS LOBOS,0,26501
04254,CALLE 14 BIS,SAN JACINTO,0,799
04359,CALLE 14 BIS,PLAYA CHAPADMALAL,0,26501
03327,CALLE 14 - EL TREBOL,LA GLORIA DE LA PEREGRINA,1000,1699
04596,CALLE 15,ESTACION CHAPADMALAL,200,899
02520,CALLE 15,PARQUE CAMET,5100,5799
02492,CALLE 15,PARQUE EL CASAL,600,999
02728,CALLE 15,LA GLORIA DE LA PEREGRINA,100,699
04488,CALLE 15,EL MARQUESADO,200,1599
02412,CALLE 159,BATAN,3300,4799
04673,CALLE 15 B,ESTACION CHAPADMALAL,200,2699
04673,CALLE 15 B,,200,2699
02583,CALLE 15 B,PARQUE EL CASAL,0,899
04614,CALLE 16,ESTACION CHAPADMALAL,0,1499
04255,CALLE 16,PLAYA SERENA,0,4799
04360,CALLE 16,SAN EDUARDO DE CHAPADMALAL,0,8599
04255,CALLE 16,SAN PATRICIO,0,4799
04491,CALLE 21,EL MARQUESADO,200,1799
04360,CALLE 16,EL MARQUESADO,0,8599
00721,ANDRES MAC GAUL,,0,3199
02335,ANGEL GARDELLA,,1700,2199
04068,ANGELONA PAGANO,,4300,4799
00801,ANGEL PACHECO GENERAL,,1800,3199
00883,ANGEL ROFFO DOCTOR,,0,2599
02292,"ANIBAL TROILO ""PICHUCO""",,3450,3799
00327,ANTONIO ALICE,,0,8099
00983,ANTONIO A. VIGNOLO,,0,9399
02191,ANTONIO LUIS GALLO SUBOFICAL 1º,,100,1099
02288,ANTONIO MACHADO,,3450,3799
02212,ANTONIO MARIA DIAZ SOLDADO,,700,899
00990,VUELTA DE OBLIGADO,,4500,74399
02053,VULCAN,,3000,3499
00612,ANTONIO MARIA GIANELLI,,0,6499
00899,ANTONIO SAENZ,,2900,5299
02427,Antonio Spinelli,,0,2199
02438,Antonio Stropato,,0,199
05100,B/P SAN FRANCISCO,,450,699
04360,CALLE 16,PLAYA CHAPADMALAL,0,8599
03230,CALLE 16,LA GLORIA DE LA PEREGRINA,0,599
04606,CALLE 27 BIS,ESTACION CHAPADMALAL,1800,2099
04255,CALLE 16,LOS ACANTILADOS,0,4799
02499,CALLE 16,ESTACION CAMET,600,799
04360,CALLE 16,SAN EDUARDO DEL MAR,0,8599
04360,CALLE 16,PLAYA LOS LOBOS,0,8599
03134,WALTER,,0,99
04360,CALLE 16,ARROYO CHAPADMALAL,0,8599
05014,CALLE 16,EL BOQUERON,0,299
04255,CALLE 16,SAN JACINTO,0,4799
02606,CALLE 160,VILLA SERRANA,2600,2999
04694,CALLE 16 B,ESTACION CHAPADMALAL,400,499
03330,CALLE 16 - EL TREBOL,LA GLORIA DE LA PEREGRINA,800,1199
03330,CALLE 16 - EL TREBOL,LA PEREGRINA,800,1199
02521,CALLE 17,PARQUE CAMET,5500,5799
04489,CALLE 17,EL MARQUESADO,200,1799
04597,CALLE 17,ESTACION CHAPADMALAL,200,899
02502,CALLE 17,ESTACION CAMET,0,399
04674,CALLE 17 B,ESTACION CHAPADMALAL,0,2699
04674,CALLE 17 B,,0,2699
04369,CALLE 18,SAN EDUARDO DE CHAPADMALAL,0,8599
04256,CALLE 18,PLAYA SERENA,0,4799
04615,CALLE 18,ESTACION CHAPADMALAL,0,1499
05015,CALLE 18,EL BOQUERON,0,1199
04256,CALLE 18,SAN PATRICIO,0,4799
04369,CALLE 18,SAN EDUARDO DEL MAR,0,8599
04256,CALLE 18,SAN JACINTO,0,4799
02500,CALLE 18,ESTACION CAMET,0,2199
04256,CALLE 18,LOS ACANTILADOS,0,4799
04369,CALLE 18,ARROYO CHAPADMALAL,0,8599
02500,CALLE 18,PARQUE EL CASAL,0,2199
04695,CALLE 18 B,ESTACION CHAPADMALAL,500,599
03331,CALLE 18 - EL TREBOL,LA PEREGRINA,800,1699
03331,CALLE 18 - EL TREBOL,LA GLORIA DE LA PEREGRINA,800,1699
02584,CALLE 19,PARQUE EL CASAL,0,399
04490,CALLE 19,EL MARQUESADO,0,1799
04598,CALLE 19,ESTACION CHAPADMALAL,200,2099
04638,CALLE 194,PARQUE HERMOSO Y VALLE HERMOSO,5200,6399
04639,CALLE 196,PARQUE HERMOSO Y VALLE HERMOSO,5200,5899
04253,CALLE14,LOS ACANTILADOS,800,4799
04253,CALLE14,SAN PATRICIO,800,4799
04676,CALLE 21,ESTACION CHAPADMALAL,0,2699
02505,CALLE 21,ESTACION CAMET,0,399
04253,CALLE14,PLAYA SERENA,800,4799
04613,CALLE 14,ESTACION CHAPADMALAL,0,1899
04357,CALLE 14,EL MARQUESADO,0,7399
04640,CALLE 198,PARQUE HERMOSO Y VALLE HERMOSO,5200,5899
04675,CALLE 19 B,ESTACION CHAPADMALAL,0,2699
04675,CALLE 19 B,,0,2699
02551,CALLE 1 B,PARQUE CAMET,0,399
03278,CALLE 1 B,LA GERMANA,0,699
03242,CALLE 1 B,LA GLORIA DE LA PEREGRINA,1000,1099
02564,CALLE 1 ( BELTRAN BIS),PARQUE CAMET,7000,7799
02564,CALLE 1 ( BELTRAN BIS),FRAY LUIS BELTRAN,7000,7799
02513,CALLE 1 C,PARQUE CAMET,5500,5799
03309,CALLE 1 -  COSTA ALEGRE,LA GLORIA DE LA PEREGRINA,0,699
03329,CALLE 1 - EL TREBOL,LA GLORIA DE LA PEREGRINA,700,1099
04352,CALLE 2,ARROYO CHAPADMALAL,0,8499
03270,CALLE 2,LA GERMANA,0,1199
04687,CALLE 2,PARQUE HERMOSO Y VALLE HERMOSO,0,1199
02526,CALLE 2,FRAY LUIS BELTRAN,5100,5949
04241,CALLE 2,PLAYA SERENA,0,1599
03264,CALLE 2,LA PEREGRINA,0,199
03223,CALLE 2,LA GLORIA DE LA PEREGRINA,0,799
04352,CALLE 2,SAN EDUARDO DE CHAPADMALAL,0,8499
04649,CALLE 2,PARQUE INDUSTRIAL,100,599
05007,CALLE 2,EL BOQUERON,0,299
04241,CALLE 2,SAN JACINTO,0,1599
04352,CALLE 2,EL MARQUESADO,0,8499
04352,CALLE 2,PLAYA CHAPADMALAL,0,8499
02612,CALLE 2,PARQUE CAMET,3100,5799
02485,CALLE 2,ESTACION CAMET,0,799
04370,CALLE 20,SAN EDUARDO DEL MAR,0,8599
04370,CALLE 20,EL MARQUESADO,0,8599
02503,CALLE 20,ESTACION CAMET,0,399
04257,CALLE 20,SAN PATRICIO,0,4799
05016,CALLE 20,EL BOQUERON,0,299
04257,CALLE 20,PLAYA SERENA,0,4799
04696,CALLE 20,ESTACION CHAPADMALAL,600,2199
03332,CALLE 20 - EL TREBOL,LA GLORIA DE LA PEREGRINA,1200,1699
02523,CALLE 21,PARQUE CAMET,5500,5799
04370,CALLE 20,ARROYO CHAPADMALAL,0,8599
04257,CALLE 20,SAN JACINTO,0,4799
04370,CALLE 20,SAN EDUARDO DE CHAPADMALAL,0,8599
04257,CALLE 20,LOS ACANTILADOS,0,4799
04641,CALLE 200,PARQUE HERMOSO Y VALLE HERMOSO,5200,6199
04642,CALLE 202,PARQUE HERMOSO Y VALLE HERMOSO,5200,6199
04258,CALLE 22,PLAYA SERENA,0,4799
04617,CALLE 22,ESTACION CHAPADMALAL,0,1499
04258,CALLE 22,SAN PATRICIO,0,4799
05017,CALLE 22,EL BOQUERON,1,299
04372,CALLE 22,ARROYO CHAPADMALAL,0,8499
04258,CALLE 22,SAN JACINTO,0,4799
04372,CALLE 22,SAN EDUARDO DEL MAR,0,8499
04258,CALLE 22,LOS ACANTILADOS,0,4799
04658,CALLE 228,ROLDAN BELISARIO,0,1899
04658,CALLE 228,JOSE HERNANDEZ,0,1899
04658,CALLE 228,GENERAL BELGRANO,0,1899
04697,CALLE 22 B,ESTACION CHAPADMALAL,600,699
04371,CALLE 22 BIS,SAN EDUARDO DEL MAR,0,7049
04371,CALLE 22 BIS,EL MARQUESADO,0,7049
04371,CALLE 22 BIS,ARROYO CHAPADMALAL,0,7049
03333,CALLE 22 - EL TREBOL,LA GLORIA DE LA PEREGRINA,1200,1699
02507,CALLE 23,ESTACION CAMET,0,399
02524,CALLE 23,PARQUE CAMET,5500,5799
02586,CALLE 23,PARQUE EL CASAL,0,899
04600,CALLE 23,ESTACION CHAPADMALAL,200,2099
04492,CALLE 23,EL MARQUESADO,200,1799
03265,CALLE 4,LA PEREGRINA,100,199
04660,CALLE 238,,500,2599
04677,CALLE 23 B,ESTACION CHAPADMALAL,500,599
04373,CALLE 24,SAN EDUARDO DEL MAR,0,8499
05018,CALLE 24,EL BOQUERON,0,1199
04259,CALLE 24,PLAYA SERENA,0,4799
04259,CALLE 24,SAN PATRICIO,0,4799
04259,CALLE 24,SANTA ROSA DEL MAR DE PERALTA RAMOS,0,4799
04372,CALLE 22,EL MARQUESADO,0,8499
04372,CALLE 22,SAN EDUARDO DE CHAPADMALAL,0,8499
04373,CALLE 24,ARROYO CHAPADMALAL,0,8499
04618,CALLE 24,ESTACION CHAPADMALAL,0,699
04373,CALLE 24,EL MARQUESADO,0,8499
04373,CALLE 24,SAN EDUARDO DE CHAPADMALAL,0,8499
04259,CALLE 24,LOS ACANTILADOS,0,4799
04698,CALLE 24 B,BATAN,2900,3799
04698,CALLE 24 B,ESTACION CHAPADMALAL,2900,3799
03334,CALLE 24 - EL TREBOL,LA GLORIA DE LA PEREGRINA,1200,1699
02508,CALLE 25,ESTACION CAMET,0,599
04493,CALLE 25,EL MARQUESADO,200,1699
02587,CALLE 25,PARQUE EL CASAL,0,899
04601,CALLE 25,ESTACION CHAPADMALAL,200,2099
04678,CALLE 25 B,ESTACION CHAPADMALAL,1400,1499
05019,CALLE 26,EL BOQUERON,0,299
04260,CALLE 26,SANTA ROSA DEL MAR DE PERALTA RAMOS,0,4799
04374,CALLE 26,EL MARQUESADO,0,8499
04260,CALLE 26,LOS ACANTILADOS,0,4799
04619,CALLE 26,ESTACION CHAPADMALAL,0,799
04374,CALLE 26,SAN EDUARDO DE CHAPADMALAL,0,8499
04374,CALLE 26,ARROYO CHAPADMALAL,0,8499
04260,CALLE 26,SAN PATRICIO,0,4799
02538,CALLE 26,PARQUE CAMET,8100,8299
04260,CALLE 26,PLAYA SERENA,0,4799
04374,CALLE 26,SAN EDUARDO DEL MAR,0,8499
04602,CALLE 27,ESTACION CHAPADMALAL,200,2099
02509,CALLE 27,ESTACION CAMET,0,999
04494,CALLE 27,EL MARQUESADO,0,1749
02509,CALLE 27,PARQUE EL CASAL,0,999
02588,CALLE 27 B,PARQUE EL CASAL,0,899
04679,CALLE 27 B,ESTACION CHAPADMALAL,1400,1499
04375,CALLE 28,ARROYO CHAPADMALAL,0,8499
04375,CALLE 28,SAN EDUARDO DEL MAR,0,8499
05020,CALLE 28,EL BOQUERON,0,299
04261,CALLE 28,SANTA ROSA DEL MAR DE PERALTA RAMOS,0,4799
04375,CALLE 28,SAN EDUARDO DE CHAPADMALAL,0,8499
04261,CALLE 28,LOS ACANTILADOS,0,4799
04620,CALLE 28,ESTACION CHAPADMALAL,0,1599
04261,CALLE 28,SAN PATRICIO,0,4799
04375,CALLE 28,EL MARQUESADO,0,8499
04262,CALLE 28 BIS,LOS ACANTILADOS,3000,4599
04680,CALLE 29,ESTACION CHAPADMALAL,0,2699
04495,CALLE 29,EL MARQUESADO,200,1599
02573,CALLE 2 B,PARQUE EL CASAL,0,1999
03283,CALLE 2 B,LA GERMANA,0,799
03247,CALLE 2 B,LA GLORIA DE LA PEREGRINA,0,699
04482,CALLE 2 B,EL MARQUESADO,200,399
04242,CALLE 2 BIS,SAN JACINTO,0,799
04242,CALLE 2 BIS,ALFAR,0,799
03255,CALLE 2 C,LA GLORIA DE LA PEREGRINA,0,199
03311,CALLE 2 -  COSTA ALEGRE,LA GLORIA DE LA PEREGRINA,400,799
02486,CALLE 3,PARQUE EL CASAL,0,999
04647,CALLE 3,PARQUE INDUSTRIAL,0,599
05001,CALLE 3,EL BOQUERON,0,1699
03279,CALLE 3,LA GERMANA,0,699
02552,CALLE 3,PARQUE CAMET,0,499
02600,CALLE 3,SANTA PAULA,0,399
04590,CALLE 3,ESTACION CHAPADMALAL,700,1699
03259,CALLE 3,LA PEREGRINA,0,199
04654,CALLE 3,DON EMILIO,10000,10299
03217,CALLE 3,LA GLORIA DE LA PEREGRINA,0,699
04634,CALLE 3,PARQUE HERMOSO Y VALLE HERMOSO,0,399
02486,CALLE 3,ESTACION CAMET,0,999
04263,CALLE 30,PLAYA SERENA,0,4799
04263,CALLE 30,SANTA ROSA DEL MAR DE PERALTA RAMOS,0,4799
05021,CALLE 30,EL BOQUERON,0,1199
04376,CALLE 30,SAN EDUARDO DEL MAR,0,8499
04263,CALLE 30,LOS ACANTILADOS,0,4799
04263,CALLE 30,SAN PATRICIO,0,4799
04376,CALLE 30,EL MARQUESADO,0,8499
04376,CALLE 30,ARROYO CHAPADMALAL,0,8499
04376,CALLE 30,SAN EDUARDO DE CHAPADMALAL,0,8499
04234,CALLE 30 B,ALFAR,4100,5199
04478,CALLE 30 BIS,EL MARQUESADO,850,999
04496,CALLE 31,EL MARQUESADO,400,1799
04604,CALLE 31,ESTACION CHAPADMALAL,400,1499
02590,CALLE 31,PARQUE EL CASAL,0,149
04681,CALLE 31 B,ESTACION CHAPADMALAL,600,699
03249,CALLE 6 B,LA GLORIA DE LA PEREGRINA,0,699
04377,CALLE 32,EL MARQUESADO,0,8299
04264,CALLE 32,SANTA ROSA DEL MAR DE PERALTA RAMOS,0,4799
04377,CALLE 32,SAN EDUARDO DE CHAPADMALAL,0,8299
04479,CALLE 32 BIS,EL MARQUESADO,850,999
04264,CALLE 32,SAN PATRICIO,0,4799
04377,CALLE 32,SAN EDUARDO DEL MAR,0,8299
04264,CALLE 32,LOS ACANTILADOS,0,4799
04622,CALLE 32,ESTACION CHAPADMALAL,0,1299
05022,CALLE 32,EL BOQUERON,0,299
02591,CALLE 33,PARQUE EL CASAL,0,149
04682,CALLE 33,ESTACION CHAPADMALAL,0,1299
04378,CALLE 34,SAN EDUARDO DE CHAPADMALAL,0,8499
04378,CALLE 34,SAN EDUARDO DEL MAR,0,8499
04623,CALLE 34,ESTACION CHAPADMALAL,0,1899
05023,CALLE 34,EL BOQUERON,0,299
04265,CALLE 34,LOS ACANTILADOS,3200,4799
04480,CALLE 34 BIS,EL MARQUESADO,750,999
04498,CALLE 35,EL MARQUESADO,400,999
02592,CALLE 35,PARQUE EL CASAL,0,99
02264,CALLE 35,BATAN,3400,4099
04683,CALLE 35,ESTACION CHAPADMALAL,600,1099
04379,CALLE 36,SAN EDUARDO DEL MAR,0,8499
04379,CALLE 36,EL MARQUESADO,0,8499
05024,CALLE 36,EL BOQUERON,200,1199
04266,CALLE 36,SANTA ROSA DEL MAR DE PERALTA RAMOS,0,4799
04266,CALLE 36,LOS ACANTILADOS,0,4799
04624,CALLE 36,ESTACION CHAPADMALAL,600,1399
04379,CALLE 36,SAN EDUARDO DE CHAPADMALAL,0,8499
04380,CALLE 36 BIS,SAN EDUARDO DE CHAPADMALAL,0,7779
04380,CALLE 36 BIS,EL MARQUESADO,0,7779
04499,CALLE 37,SAN EDUARDO DEL MAR,200,1799
04684,CALLE 37,ESTACION CHAPADMALAL,0,2699
04499,CALLE 37,EL MARQUESADO,200,1799
02593,CALLE 37,PARQUE EL CASAL,0,1999
04381,CALLE 38,SAN EDUARDO DE CHAPADMALAL,0,8299
04381,CALLE 38,SAN EDUARDO DEL MAR,0,8299
04625,CALLE 38,ESTACION CHAPADMALAL,600,1399
04267,CALLE 38,SANTA ROSA DEL MAR DE PERALTA RAMOS,0,4799
04381,CALLE 38,EL MARQUESADO,0,8299
04267,CALLE 38,LOS ACANTILADOS,0,4799
05025,CALLE 38,EL BOQUERON,200,299
04685,CALLE 39,ESTACION CHAPADMALAL,0,0
04500,CALLE 39 BIS,EL MARQUESADO,500,1799
04500,CALLE 39 BIS,SAN EDUARDO DEL MAR,500,1799
04501,CALLE 39 BIS B,EL MARQUESADO,800,1799
04501,CALLE 39 BIS B,SAN EDUARDO DEL MAR,800,1799
02577,CALLE 3 B,PARQUE EL CASAL,0,399
02514,CALLE 3 B,PARQUE CAMET,5350,5799
03274,CALLE 3 B,LA GERMANA,150,1699
03243,CALLE 3 B,LA GLORIA DE LA PEREGRINA,1000,1699
04667,CALLE 3 B,PARQUE HERMOSO Y VALLE HERMOSO,0,2699
03253,CALLE 3 C,LA GLORIA DE LA PEREGRINA,300,499
03308,CALLE 3 -  COSTA ALEGRE,LA GLORIA DE LA PEREGRINA,0,399
02565,CALLE 3 (GODOY CRUZ BIS),PARQUE CAMET,7600,7799
04243,CALLE 4,PLAYA SERENA,0,2099
04657,CALLE 4,DON EMILIO,1650,1899
04243,CALLE 4,ALFAR,0,2099
03271,CALLE 4,LA GERMANA,0,1199
04243,CALLE 4,SAN PATRICIO,0,2099
02595,CALLE 4,SANTA PAULA,0,499
04608,CALLE 4,ESTACION CHAPADMALAL,300,3699
02527,CALLE 4,FRAY LUIS BELTRAN,5650,5749
02496,CALLE 4,ESTACION CAMET,0,699
02410,CALLE 33 BIS,BATAN,0,4299
04378,CALLE 34,EL MARQUESADO,0,8499
04350,CALLE 4,PLAYA LOS LOBOS,0,8499
04350,CALLE 4,EL MARQUESADO,0,8499
04650,CALLE 4,PARQUE INDUSTRIAL,0,299
04688,CALLE 4,PARQUE HERMOSO Y VALLE HERMOSO,0,1199
04608,CALLE 4,BATAN,300,3699
04243,CALLE 4,SAN JACINTO,0,2099
04350,CALLE 4,ARROYO CHAPADMALAL,0,8499
04350,CALLE 4,SAN EDUARDO DE CHAPADMALAL,0,8499
05008,CALLE 4,EL BOQUERON,0,299
03224,CALLE 4,LA GLORIA DE LA PEREGRINA,0,599
02570,CALLE 4,PARQUE CAMET,2900,3499
02574,CALLE 4,PARQUE EL CASAL,0,899
04282,CALLE 431 BIS,SANTA ROSA DEL MAR DE PERALTA RAMOS,600,2999
04350,CALLE 4,PLAYA CHAPADMALAL,0,8499
04268,CALLE 40,LOS ACANTILADOS,0,4799
04268,CALLE 40,SANTA ROSA DEL MAR DE PERALTA RAMOS,0,4799
04626,CALLE 40,ESTACION CHAPADMALAL,600,1299
04382,CALLE 40,SAN EDUARDO DE CHAPADMALAL,7780,8499
04224,CALLE 40,FARO NORTE,3200,3799
04383,CALLE 40 BIS,SAN EDUARDO DE CHAPADMALAL,7700,7779
04686,CALLE 41,ESTACION CHAPADMALAL,0,2299
04503,CALLE 41 BIS,SAN EDUARDO DEL MAR,500,599
04269,CALLE 42,LOS ACANTILADOS,0,3499
04384,CALLE 42,SAN EDUARDO DE CHAPADMALAL,7700,8499
05027,CALLE 42,EL BOQUERON,200,1199
04269,CALLE 42,SANTA ROSA DEL MAR DE PERALTA RAMOS,0,3499
04223,CALLE 42,FARO NORTE,3200,3799
04278,CALLE 427 BIS,SANTA ROSA DEL MAR DE PERALTA RAMOS,700,2999
04278,CALLE 427 BIS,SAN JACINTO,700,2999
04279,CALLE 429,SAN JACINTO,0,3999
04279,CALLE 429,SANTA ROSA DEL MAR DE PERALTA RAMOS,0,3999
04280,CALLE 429 BIS,SANTA ROSA DEL MAR DE PERALTA RAMOS,600,2999
04280,CALLE 429 BIS,SAN JACINTO,600,2999
04504,CALLE 43,SAN EDUARDO DEL MAR,500,1799
04504,CALLE 43,EL MARQUESADO,500,1799
04282,CALLE 431 BIS,SAN JACINTO,600,2999
04284,CALLE 433 BIS,SAN JACINTO,600,2999
04284,CALLE 433 BIS,SANTA ROSA DEL MAR DE PERALTA RAMOS,600,2999
05028,CALLE 44,EL BOQUERON,300,1199
04270,CALLE 44,SANTA ROSA DEL MAR DE PERALTA RAMOS,0,3499
04270,CALLE 44,LOS ACANTILADOS,0,3499
04290,CALLE 445,PLAYA SERENA,0,3299
04290,CALLE 445,SAN PATRICIO,0,3299
04290,CALLE 445,SANTA ROSA DEL MAR DE PERALTA RAMOS,0,3299
04291,CALLE 447,PLAYA SERENA,100,2999
04291,CALLE 447,SANTA ROSA DEL MAR DE PERALTA RAMOS,100,2999
04291,CALLE 447,SAN PATRICIO,100,2999
04292,CALLE 449,PLAYA SERENA,100,3299
04292,CALLE 449,SANTA ROSA DEL MAR DE PERALTA RAMOS,100,3299
04292,CALLE 449,SAN PATRICIO,100,3299
04505,CALLE 45,EL MARQUESADO,200,1799
04505,CALLE 45,SAN EDUARDO DEL MAR,200,1799
04293,CALLE 451,SAN PATRICIO,200,2999
02095,TAVELLI PABLO,,6000,7899
04293,CALLE 451,PLAYA SERENA,200,2999
04293,CALLE 451,SANTA ROSA DEL MAR DE PERALTA RAMOS,200,2999
04295,CALLE 455,SAN PATRICIO,200,2399
04294,CALLE 453,PLAYA SERENA,100,3299
04294,CALLE 453,SANTA ROSA DEL MAR DE PERALTA RAMOS,100,3299
04294,CALLE 453,SAN PATRICIO,100,3299
04296,CALLE 457,SAN PATRICIO,200,2399
04296,CALLE 457,SANTA ROSA DEL MAR DE PERALTA RAMOS,200,2399
04297,CALLE 459,SANTA ROSA DEL MAR DE PERALTA RAMOS,200,2399
04297,CALLE 459,SAN PATRICIO,200,2399
04506,CALLE 45 BIS,SAN EDUARDO DEL MAR,600,999
05029,CALLE 46,EL BOQUERON,1,299
04271,CALLE 46,SANTA ROSA DEL MAR DE PERALTA RAMOS,0,3499
04298,CALLE 461,SAN PATRICIO,200,3299
04298,CALLE 461,LAS CANTERAS,200,3299
04298,CALLE 461,LOS ACANTILADOS,200,3299
04298,CALLE 461,SANTA ROSA DEL MAR DE PERALTA RAMOS,200,3299
04299,CALLE 463,SANTA ROSA DEL MAR DE PERALTA RAMOS,300,2999
04299,CALLE 463,SAN PATRICIO,300,2999
04300,CALLE 465,SAN PATRICIO,300,2999
04300,CALLE 465,SANTA ROSA DEL MAR DE PERALTA RAMOS,300,2999
04301,CALLE 467,LOS ACANTILADOS,300,2799
04301,CALLE 467,SANTA ROSA DEL MAR DE PERALTA RAMOS,300,2799
04301,CALLE 467,SAN PATRICIO,300,2799
02724,CALLE 47,BATAN,0,0
04507,CALLE 47,SAN EDUARDO DEL MAR,500,1799
04302,CALLE 471,LOS ACANTILADOS,300,1199
04303,CALLE 473,LOS ACANTILADOS,0,1199
04304,CALLE 475,SANTA ROSA DEL MAR DE PERALTA RAMOS,300,3299
04304,CALLE 475,LOS ACANTILADOS,300,3299
04305,CALLE 477,LOS ACANTILADOS,300,1199
04306,CALLE 479,LOS ACANTILADOS,200,3299
04306,CALLE 479,SANTA ROSA DEL MAR DE PERALTA RAMOS,200,3299
04272,CALLE 48,SANTA ROSA DEL MAR DE PERALTA RAMOS,0,3499
04221,CALLE 48,FARO NORTE,3400,3799
05030,CALLE 48,EL BOQUERON,1,299
04307,CALLE 481,LOS ACANTILADOS,200,1199
04307,CALLE 481,SAN PATRICIO,200,1199
04308,CALLE 483,LOS ACANTILADOS,300,3299
04308,CALLE 483,SANTA ROSA DEL MAR DE PERALTA RAMOS,300,3299
04309,CALLE 485,LOS ACANTILADOS,200,1699
04310,CALLE 487,LOS ACANTILADOS,200,3499
04310,CALLE 487,SANTA ROSA DEL MAR DE PERALTA RAMOS,200,3499
04311,CALLE 489,LOS ACANTILADOS,300,2199
02735,CALLE 48 BIS,SANTA ROSA DEL MAR DE PERALTA RAMOS,3200,3499
04508,CALLE 49,SAN EDUARDO DEL MAR,500,1799
04312,CALLE 491,LOS ACANTILADOS,0,1699
04313,CALLE 493,LOS ACANTILADOS,200,4399
04560,CALLE 67,PARQUE INDEPENDENCIA,4200,4299
04313,CALLE 493,LAS CANTERAS,200,4399
04313,CALLE 493,SANTA ROSA DEL MAR DE PERALTA RAMOS,200,4399
04314,CALLE 495,LOS ACANTILADOS,300,1899
04316,CALLE 499,LOS ACANTILADOS,300,4999
04316,CALLE 499,SANTA ROSA DEL MAR DE PERALTA RAMOS,300,4999
03248,CALLE 4 B,LA GLORIA DE LA PEREGRINA,0,699
04244,CALLE 4 BIS,SAN JACINTO,0,4799
04244,CALLE 4 BIS,ALFAR,0,4799
04244,CALLE 4 BIS,LOS ACANTILADOS,0,4799
03256,CALLE 4 C,LA GLORIA DE LA PEREGRINA,0,199
03312,CALLE 4 - COSTA ALEGRE,LA GLORIA DE LA PEREGRINA,0,2899
03218,CALLE 5,LA GLORIA DE LA PEREGRINA,0,699
04591,CALLE 5,ESTACION CHAPADMALAL,700,3399
04635,CALLE 5,PARQUE HERMOSO Y VALLE HERMOSO,0,399
03280,CALLE 5,LA GERMANA,0,699
04668,CALLE 5,COLINA ALEGRE,2300,3399
05002,CALLE 5,EL BOQUERON,0,2099
04648,CALLE 5,PARQUE INDUSTRIAL,0,599
02515,CALLE 5,PARQUE CAMET,5100,5699
04655,CALLE 5,DON EMILIO,10100,12049
02601,CALLE 5,SANTA PAULA,0,399
04668,CALLE 5,BATAN,2300,3399
02726,CALLE 5,ESTACION CAMET,0,799
04483,CALLE 5,EL MARQUESADO,200,599
02578,CALLE 5,PARQUE EL CASAL,0,799
04273,CALLE 50,SANTA ROSA DEL MAR DE PERALTA RAMOS,0,3399
05031,CALLE 50,EL BOQUERON,1,299
02319,CALLE 50,LOMAS DE BATAN,3400,3899
04317,CALLE 501,LOS ACANTILADOS,300,1499
04318,CALLE 503,LOS ACANTILADOS,200,1899
04319,CALLE 505,LOS ACANTILADOS,650,1499
04320,CALLE 507,LOS ACANTILADOS,550,1899
02737,CALLE 507 BIS,LOS ACANTILADOS,650,749
04581,CALLE 68,QUEBRADAS DE PERALTA RAMOS,4300,4399
04321,CALLE 509,LOS ACANTILADOS,300,4999
04509,CALLE 51,SAN EDUARDO DEL MAR,200,1799
04322,CALLE 511,LOS ACANTILADOS,550,4699
04323,CALLE 513,LOS ACANTILADOS,650,2199
02738,CALLE 513 BIS,LOS ACANTILADOS,650,749
05032,CALLE 52,EL BOQUERON,0,1199
04274,CALLE 52,SANTA ROSA DEL MAR DE PERALTA RAMOS,0,2499
05032,CALLE 52,,0,1199
04510,CALLE 53,SAN EDUARDO DEL MAR,500,1799
04662,CALLE 53 B,SAN EDUARDO DEL MAR,2300,2399
04275,CALLE 54,SANTA ROSA DEL MAR DE PERALTA RAMOS,100,2499
04663,CALLE 54,SAN EDUARDO DEL MAR,2050,2149
04511,CALLE 55,SAN EDUARDO DEL MAR,500,1799
04664,CALLE 55 B,SAN EDUARDO DEL MAR,1000,1099
04397,CALLE 56,PLAYA CHAPADMALAL,200,2949
04276,CALLE 56,SANTA ROSA DEL MAR DE PERALTA RAMOS,0,2299
04397,CALLE 56,PLAYA LOS LOBOS,200,2949
04665,CALLE 56,EL MARQUESADO,250,499
04361,CALLE 56 B,PLAYA LOS LOBOS,2500,2579
04512,CALLE 57,SAN EDUARDO DEL MAR,200,1799
04277,CALLE 58,SANTA ROSA DEL MAR DE PERALTA RAMOS,0,3199
04362,CALLE 58,PLAYA LOS LOBOS,2350,2599
04513,CALLE 59,SAN EDUARDO DEL MAR,500,1799
02553,CALLE 5 B,PARQUE CAMET,0,599
03275,CALLE 5 B,LA GERMANA,100,1699
02729,CALLE 5 B,LA GLORIA DE LA PEREGRINA,1000,1699
02566,CALLE 5 C,PARQUE CAMET,0,8099
03306,CALLE 5 -  COSTA ALEGRE,LA GLORIA DE LA PEREGRINA,0,1199
04245,CALLE 6,PLAYA SERENA,0,4799
04567,CALLE 79,NUEVO GOLF,4580,4599
04702,CALLE 68,SANTA ROSA DEL MAR DE PERALTA RAMOS,0,4499
04340,CALLE 687 BIS,PLAYA LOS LOBOS,500,699
04561,CALLE 69,NUEVO GOLF,4200,4899
04351,CALLE 6,SAN EDUARDO DE CHAPADMALAL,0,8599
02528,CALLE 6,FRAY LUIS BELTRAN,7000,7169
04689,CALLE 6,COLINA ALEGRE,0,2199
02571,CALLE 6,PARQUE CAMET,2900,3499
04689,CALLE 6,ESTACION CHAPADMALAL,0,2199
03285,CALLE 6,LA GERMANA,0,799
04245,CALLE 6,ALFAR,0,4799
04351,CALLE 6,EL MARQUESADO,0,8599
04351,CALLE 6,PLAYA CHAPADMALAL,0,8599
04245,CALLE 6,SAN JACINTO,0,4799
02596,CALLE 6,SANTA PAULA,100,499
05009,CALLE 6,EL BOQUERON,0,299
04351,CALLE 6,SAN EDUARDO DEL MAR,0,8599
02100,TAPIA AUGUSTO,,5600,7399
04245,CALLE 6,LOS ACANTILADOS,0,4799
03225,CALLE 6,LA GLORIA DE LA PEREGRINA,0,599
03266,CALLE 6,LA PEREGRINA,0,199
04351,CALLE 6,ARROYO CHAPADMALAL,0,8599
02495,CALLE 6,ESTACION CAMET,0,599
04351,CALLE 6,PLAYA LOS LOBOS,0,8599
04245,CALLE 6,SAN PATRICIO,0,4799
04363,CALLE 60,PLAYA LOS LOBOS,200,3099
04514,CALLE 61,SAN EDUARDO DEL MAR,500,1799
04700,CALLE 62,SANTA ROSA DEL MAR DE PERALTA RAMOS,0,3399
04364,CALLE 62,PLAYA LOS LOBOS,2200,3099
04515,CALLE 63,SAN EDUARDO DEL MAR,200,1799
04558,CALLE 63 BIS,NUEVO GOLF,4450,4599
04365,CALLE 64,PLAYA LOS LOBOS,2200,3099
04579,CALLE 64,QUEBRADAS DE PERALTA RAMOS,4500,4549
04516,CALLE 65,SAN EDUARDO DEL MAR,200,1799
04559,CALLE 65,NUEVO GOLF,4400,4899
04576,CALLE 65 BIS,NUEVO GOLF,4400,4499
04580,CALLE 66,NUEVO GOLF,4500,4599
04701,CALLE 66,SANTA ROSA DEL MAR DE PERALTA RAMOS,0,4799
04123,CALLE 663 (LOS CALAMARES),PLAYA LOS LOBOS,0,1299
04517,CALLE 67,SAN EDUARDO DEL MAR,200,999
04441,CALLE 797,ARROYO CHAPADMALAL,1100,1499
04518,CALLE 69,SAN EDUARDO DEL MAR,500,999
04246,CALLE 6 BIS,SAN JACINTO,0,4799
04246,CALLE 6 BIS,PLAYA SERENA,0,4799
04246,CALLE 6 BIS,ALFAR,0,4799
04246,CALLE 6 BIS,LOS ACANTILADOS,0,4799
03257,CALLE 6 C,LA GLORIA DE LA PEREGRINA,0,199
03313,CALLE 6 -  COSTA ALEGRE,LA GLORIA DE LA PEREGRINA,400,1899
03276,CALLE 7,LA GERMANA,50,1699
05003,CALLE 7,EL BOQUERON,0,3299
04636,CALLE 7,PARQUE HERMOSO Y VALLE HERMOSO,0,5899
04484,CALLE 7,EL MARQUESADO,200,799
02602,CALLE 7,SANTA PAULA,0,399
03219,CALLE 7,LA GLORIA DE LA PEREGRINA,50,699
04592,CALLE 7,ESTACION CHAPADMALAL,0,1699
02567,CALLE 7,PARQUE CAMET,7400,8099
02488,CALLE 7,PARQUE EL CASAL,0,799
02488,CALLE 7,ESTACION CAMET,0,799
04582,CALLE 70,NUEVO GOLF,4300,4399
04386,CALLE 701,PLAYA LOS LOBOS,0,699
04387,CALLE 703,PLAYA LOS LOBOS,300,2299
04388,CALLE 705,PLAYA LOS LOBOS,200,699
04519,CALLE 71,SAN EDUARDO DEL MAR,500,999
04563,CALLE 71,NUEVO GOLF,4300,4899
04395,CALLE 713,PLAYA LOS LOBOS,500,699
04396,CALLE 715,PLAYA LOS LOBOS,300,699
04398,CALLE 717,PLAYA LOS LOBOS,200,599
04398,CALLE 717,PLAYA CHAPADMALAL,200,599
03244,CALLE 7 B,LA GLORIA DE LA PEREGRINA,1000,1099
04400,CALLE 719 BIS,PLAYA CHAPADMALAL,200,3149
04703,CALLE 72,SANTA ROSA DEL MAR DE PERALTA RAMOS,6500,10399
04583,CALLE 72,NUEVO GOLF,4300,4399
04401,CALLE 721,PLAYA CHAPADMALAL,100,3299
04402,CALLE 723,PLAYA CHAPADMALAL,200,3199
04403,CALLE 725,PLAYA CHAPADMALAL,0,3399
04404,CALLE 727,PLAYA CHAPADMALAL,100,799
04406,CALLE 729,PLAYA CHAPADMALAL,100,3699
04520,CALLE 73,SAN EDUARDO DEL MAR,200,999
04564,CALLE 73,NUEVO GOLF,3700,3779
04367,CALLE 731,PLAYA CHAPADMALAL,100,699
04368,CALLE 733,PLAYA CHAPADMALAL,200,3399
04407,CALLE 735,PLAYA CHAPADMALAL,0,799
04408,CALLE 737,PLAYA CHAPADMALAL,700,799
04409,CALLE 739,PLAYA CHAPADMALAL,100,699
04584,CALLE 74,NUEVO GOLF,4300,4399
04704,CALLE 74,SANTA ROSA DEL MAR DE PERALTA RAMOS,7300,7499
04410,CALLE 741,PLAYA CHAPADMALAL,100,799
04411,CALLE 743,PLAYA CHAPADMALAL,400,799
04412,CALLE 745,PLAYA CHAPADMALAL,100,599
04413,CALLE 747,PLAYA CHAPADMALAL,100,4499
04414,CALLE 749,,0,799
04414,CALLE 749,PLAYA CHAPADMALAL,0,799
04565,CALLE 75,NUEVO GOLF,3750,3799
04521,CALLE 75,SAN EDUARDO DEL MAR,500,999
04415,CALLE 751,PLAYA CHAPADMALAL,0,4799
04416,CALLE 753,PLAYA CHAPADMALAL,100,499
04417,CALLE 755,PLAYA CHAPADMALAL,0,4799
04418,CALLE 757,PLAYA CHAPADMALAL,0,799
04419,CALLE 759,PLAYA CHAPADMALAL,600,799
04585,CALLE 76,NUEVO GOLF,4600,4699
04420,CALLE 761,PLAYA CHAPADMALAL,0,799
04421,CALLE 763,PLAYA CHAPADMALAL,0,799
04422,CALLE 765,PLAYA CHAPADMALAL,0,799
04423,CALLE 767,PLAYA CHAPADMALAL,0,799
04423,CALLE 767,ARROYO CHAPADMALAL,0,799
04424,CALLE 769,PLAYA CHAPADMALAL,0,799
04424,CALLE 769,ARROYO CHAPADMALAL,0,799
04566,CALLE 77,NUEVO GOLF,4400,4599
04425,CALLE 771,PLAYA CHAPADMALAL,0,5699
04425,CALLE 771,ARROYO CHAPADMALAL,0,5699
04426,CALLE 771 BIS,ARROYO CHAPADMALAL,0,399
04426,CALLE 771 BIS,PLAYA CHAPADMALAL,0,399
04427,CALLE 773,ARROYO CHAPADMALAL,0,799
04428,CALLE 775,ARROYO CHAPADMALAL,100,799
04429,CALLE 777,ARROYO CHAPADMALAL,0,799
04430,CALLE 779,ARROYO CHAPADMALAL,0,799
04431,CALLE 781,ARROYO CHAPADMALAL,0,799
04432,CALLE 783,ARROYO CHAPADMALAL,0,799
04433,CALLE 785,ARROYO CHAPADMALAL,0,799
04434,CALLE 787,ARROYO CHAPADMALAL,0,799
04202,LA PASIONARIA,,3200,3699
04435,CALLE 789,ARROYO CHAPADMALAL,0,799
04523,CALLE 79,SAN EDUARDO DEL MAR,0,999
04436,CALLE 791,ARROYO CHAPADMALAL,0,799
04437,CALLE 791 BIS,ARROYO CHAPADMALAL,0,99
04438,CALLE 793,ARROYO CHAPADMALAL,0,1499
04439,CALLE 793 BIS,ARROYO CHAPADMALAL,0,299
04440,CALLE 795,ARROYO CHAPADMALAL,0,1399
04443,CALLE 799,ARROYO CHAPADMALAL,0,1499
04669,CALLE 7 B,PARQUE HERMOSO Y VALLE HERMOSO,0,2999
02579,CALLE 7 B,PARQUE EL CASAL,0,799
04669,CALLE 7 B,BATAN,0,2999
03281,CALLE 7 B,LA GERMANA,0,699
02554,CALLE 7 B,PARQUE CAMET,200,299
03305,CALLE 7 -  COSTA ALEGRE,LA GLORIA DE LA PEREGRINA,700,1199
03324,CALLE 7 - EL TREBOL,LA GLORIA DE LA PEREGRINA,700,1599
04247,CALLE 8,LOS ACANTILADOS,100,4799
04353,CALLE 8,SAN EDUARDO DEL MAR,0,7699
04444,CALLE 801,ARROYO CHAPADMALAL,0,1499
04445,CALLE 801 BIS,SAN EDUARDO DE CHAPADMALAL,1100,1499
04003,TAYCHOCO CACIQUE,,7600,7899
03286,CALLE 8,LA GERMANA,0,799
02560,CALLE 8,PARQUE CAMET,0,499
04445,CALLE 801 BIS,ARROYO CHAPADMALAL,1100,1499
04446,CALLE 803,ARROYO CHAPADMALAL,0,1499
04446,CALLE 803,SAN EDUARDO DE CHAPADMALAL,0,1499
04447,CALLE 805,ARROYO CHAPADMALAL,0,1399
04447,CALLE 805,SAN EDUARDO DE CHAPADMALAL,0,1399
04448,CALLE 807,ARROYO CHAPADMALAL,0,1499
04448,CALLE 807,SAN EDUARDO DE CHAPADMALAL,0,1499
04449,CALLE 809,SAN EDUARDO DE CHAPADMALAL,1200,1499
04524,CALLE 81,SAN EDUARDO DEL MAR,500,999
04568,CALLE 81,NUEVO GOLF,4100,4199
04450,CALLE 811,SAN EDUARDO DE CHAPADMALAL,1100,1499
04450,CALLE 811,ARROYO CHAPADMALAL,1100,1499
04451,CALLE 813,ARROYO CHAPADMALAL,0,1499
04451,CALLE 813,SAN EDUARDO DE CHAPADMALAL,0,1499
04452,CALLE 815,ARROYO CHAPADMALAL,0,1499
04452,CALLE 815,SAN EDUARDO DE CHAPADMALAL,0,1499
04453,CALLE 817,SAN EDUARDO DE CHAPADMALAL,0,1499
04453,CALLE 817,ARROYO CHAPADMALAL,0,1499
04454,CALLE 819,SAN EDUARDO DE CHAPADMALAL,0,1399
04454,CALLE 819,ARROYO CHAPADMALAL,0,1399
04455,CALLE 819 BIS,SAN EDUARDO DE CHAPADMALAL,1100,1299
04455,CALLE 819 BIS,ARROYO CHAPADMALAL,1100,1299
04588,CALLE 82,NUEVO GOLF,3500,3899
04456,CALLE 821,SAN EDUARDO DE CHAPADMALAL,0,1499
04457,CALLE 823,SAN EDUARDO DE CHAPADMALAL,100,7899
04459,CALLE 823 BIS,SAN EDUARDO DE CHAPADMALAL,1500,1599
04460,CALLE 825,SAN EDUARDO DE CHAPADMALAL,1400,1699
04461,CALLE 827,SAN EDUARDO DE CHAPADMALAL,1300,1899
04462,CALLE 829,SAN EDUARDO DE CHAPADMALAL,300,7850
04569,CALLE 83,NUEVO GOLF,4500,4599
04525,CALLE 83,SAN EDUARDO DEL MAR,200,999
04463,CALLE 831,SAN EDUARDO DE CHAPADMALAL,900,1999
04464,CALLE 833,SAN EDUARDO DE CHAPADMALAL,1100,1999
04247,CALLE 8,SAN PATRICIO,100,4799
02494,CALLE 8,PARQUE EL CASAL,0,299
04247,CALLE 8,SAN JACINTO,100,4799
05010,CALLE 8,EL BOQUERON,0,299
02597,CALLE 8,SANTA PAULA,150,499
03226,CALLE 8,LA GLORIA DE LA PEREGRINA,0,599
04353,CALLE 8,ARROYO CHAPADMALAL,0,7699
04652,CALLE 8,PARQUE INDUSTRIAL,100,299
04593,CALLE 9,ESTACION CHAPADMALAL,0,3399
04247,CALLE 8,PLAYA SERENA,100,4799
04610,CALLE 8,ESTACION CHAPADMALAL,300,1499
04587,CALLE 80,NUEVO GOLF,4000,4099
04465,CALLE 835,SAN EDUARDO DE CHAPADMALAL,0,1999
04466,CALLE 837,SAN EDUARDO DE CHAPADMALAL,1100,1999
04467,CALLE 839,SAN EDUARDO DE CHAPADMALAL,0,1999
04468,CALLE 841,SAN EDUARDO DE CHAPADMALAL,0,8249
04469,CALLE 843,SAN EDUARDO DE CHAPADMALAL,1100,1999
04470,CALLE 845,SAN EDUARDO DE CHAPADMALAL,0,1999
04471,CALLE 847,SAN EDUARDO DE CHAPADMALAL,200,1999
04472,CALLE 849,SAN EDUARDO DE CHAPADMALAL,300,1999
04570,CALLE 85,NUEVO GOLF,4201,4398
04473,CALLE 851,SAN EDUARDO DE CHAPADMALAL,1100,1999
04474,CALLE 853,SAN EDUARDO DE CHAPADMALAL,0,1999
04577,CALLE 86 BIS,NUEVO GOLF,4400,4499
04571,CALLE 87,NUEVO GOLF,4000,4599
04527,CALLE 87,SAN EDUARDO DEL MAR,200,899
04572,CALLE 89,NUEVO GOLF,4500,4899
04528,CALLE 89,SAN EDUARDO DEL MAR,200,999
04575,CALLE 89 BIS,NUEVO GOLF,3800,4699
04690,CALLE 8 B,ESTACION CHAPADMALAL,300,399
03250,CALLE 8 B,LA GLORIA DE LA PEREGRINA,0,1349
04248,CALLE 8 BIS,PLAYA SERENA,100,4799
04248,CALLE 8 BIS,LOS ACANTILADOS,100,4799
04248,CALLE 8 BIS,SAN JACINTO,100,4799
03314,CALLE 8 -  COSTA ALEGRE,LA GLORIA DE LA PEREGRINA,0,1899
03328,CALLE 8 - EL TREBOL,LA PEREGRINA,800,999
05004,CALLE 9,EL BOQUERON,900,2099
02603,CALLE 9,SANTA PAULA,0,399
02489,CALLE 9,ESTACION CAMET,0,399
02517,CALLE 9,PARQUE CAMET,4300,7899
04637,CALLE 9,PARQUE HERMOSO Y VALLE HERMOSO,100,399
00423,EDUARDO PEREZ BULNES,,2300,3799
00863,EDUARDO RACEDO TENIENTE GENERAL,,2900,5299
00992,EDUARDO WILDE,,0,2999
03296,EGIDIO,,0,99
05104,EL ALAZAN,,15100,16499
02282,EL AMERICANO,,3100,3899
04061,EL BENTEVEO,,0,399
00550,EL CANO,,3100,11399
04060,EL CARPINTERO,EL JARDIN DE PERALTA RAMOS,0,399
04146,EL CARPINTERO,COLINA ALEGRE,400,1399
04731,EL CENCERRO,LOMAS DEL GOLF,5600,5699
03146,EL CERRO,,0,399
04054,EL CHAJA,,0,399
04053,EL CHINGOLO,EL JARDIN DE PERALTA RAMOS,0,399
04062,EL CHURRINCHE,,0,399
02284,EL COLMENAR,,3100,3899
04057,EL CORBATITA,,0,399
04757,EL EMPRENDADO,,4700,4799
03026,ELENA,,0,799
03205,EL ESTRIBO,,600,799
04725,EL ESTRIBO - LOMAS DEL GOLF,,5600,5699
04156,EL FLAMENCO,,900,1299
02423,El gallego Manuel,,0,1799
04048,EL GAVIOTIN,,0,399
04046,EL GORRION,,0,399
04737,EL HORCON,,5500,5599
04552,EL HORNERO,EL JARDIN DE PERALTA RAMOS,0,399
04140,EL HORNERO,,0,1399
00456,CESAR A. CERETTI,,500,2799
00485,CHACABUCO,,3000,10599
00487,CHACO,,0,4199
00406,CHAMPAGNAT,,0,598
04343,CHAPADMALAL,PLAYA LOS LOBOS,100,899
02156,EL HORNERO,ESTACION CAMET,1300,1499
04552,EL HORNERO,EL JARDIN DE STELLA MARIS,0,399
04069,ELIAS ALIPPI,,4300,6998
03027,ELINA,,0,499
03028,ELISA,,0,699
00407,ELISA  ALVEAR DE BOSCH,,0,4199
04755,EL JAGUEL,LOMAS DEL GOLF,4200,4399
04059,EL JILGUERO,,0,399
03203,EL LAZO,LA PEREGRINA,600,799
04064,EL LEÑATERO,,0,399
03148,EL MANANTIAL,,0,399
04727,EL MANGRULLO,,5600,5699
02424,El Manuelin Truco,,0,1799
02653,El Mateo,,0,1799
04752,EL MILAGRO,,4100,4199
03141,EL MIRADOR,,0,1099
02727,EL MIRADOR BIS,,0,199
02654,El Miso Zamora,,2100,2199
04055,EL MIXTO,,0,399
03150,EL MONTE,,0,399
00551,EL PAMPERO,,7899,8199
04127,EL PEJERREY,,100,699
04145,EL PICAFLOR,,300,1399
04065,EL PIRINCHO,,0,399
03204,EL RECADO,,600,799
03138,EL REMANSO,,0,1099
04744,EL RINCON,,4700,4799
04751,EL RODEO,,4200,4699
05108,EL ROSILLO,,15700,15799
02440,El rubio Federico,,0,1999
03029,ELSA,,0,199
02658,El Sulky,,0,999
04746,EL TAJAMAR,,3900,3999
02425,El Tano Tizone,PARQUE EL CASAL,0,1799
02157,EL TEJADO,,4700,5099
04058,EL TERO,,0,399
04139,EL TERU TERU,,20,1399
05106,EL TOBIANO,,15100,16499
05105,EL TORDILLO,,15100,16399
04142,EL TORDO,COLINA ALEGRE,100,1399
04049,EL TORDO,EL JARDIN DE STELLA MARIS,0,399
04049,EL TORDO,EL JARDIN DE PERALTA RAMOS,0,399
02540,El Zorrino Rojas,,0,2099
04143,EL ZORZAL,,0,1399
03031,EMA,,0,199
03030,EMILIO,,0,99
02269,EMILIO MARTIN LARRAYA,,3400,6299
02286,EMILIO SALGARI,,3450,3799
02312,EMMA GEMOLI DE OLIVA,,3300,3599
03032,ENRIQUE,,0,399
00348,ENRIQUE ANGELELLI MONSEÑOR,,200,2599
00571,ENRIQUE FINOCHIETTO DOCTOR,,0,10299
00764,ENRIQUE RAU OBISPO MONSEÑOR DOCTOR,,1100,3999
02261,ENRRIQUE LARRETA,,3600,5099
00552,ENTRE RIOS,,1500,4699
00405,ENZO BORDABEHERE SENADOR,,0,3899
00628,"ERNESTO ""CHE"" GUEVARA COMANDANTE",,0,1899
00769,ERNESTO SEGURA MONSEÑOR,,800,999
00557,ESCALADA REMEDIOS DE,,0,7299
05074,ESC. SUR - CNO. A EL SALVADOR,,0,2399
00500,CHILE,,0,3999
04775,CHOCORI,,3800,3899
00502,CHUBUT,,0,3399
04010,CHUYANTUYA CACIQUE,,5500,7099
02062,CIANCHETTA LORENZO,,0,5849
05101,CIOCCHINI CLETO,,2100,3499
04542,CIPRESES,,2000,2299
00560,ESPAÑA,,100,4499
05097,ESPIGON 3,,0,299
02679,Eusebio Blanc,,900,999
00569,EUSEBIONE LORENZO,,1700,2299
05062,GUTENBERG BIS B,GENERAL PUEYRREDON,7100,7499
03036,EVA,,0,1099
02324,EVA DUARTE DE PERON,,1500,3399
03037,EVARISTO,,100,299
00448,EVARISTO CARRIEGO,,0,1049
03291,EVELINA,,0,699
04705,EX CAMINO MIRAMAR,,0,17999
03038,FABIAN,,0,299
00572,FALUCHO,,0,10799
02437,Farro,,0,899
03039,FAUSTINO,,0,399
02656,Faustino Nuño,,1500,1599
02196,FAUSTO GAVAZZI TENIENTE 1º,,1000,2399
00392,FEDERICO C. BELTRAMI INGENIERO,,600,3199
03126,CIRCUITO SAN MARTIN GENERAL,,0,2499
04783,CIUDAD DE BRAGADO BIS,,700,799
00531,CIUDAD DE DOLORES,,700,3999
04782,CIUDAD DE LAS FLORES BIS,,700,799
00601,FEDERICO GARCIA LORCA,,0,9999
00855,FEDERICO RAUCH CORONEL,,0,3199
02657,Federico Serrano,,1400,1599
03040,FELIPE,,0,299
00513,FELIPE DE ARANA,,4700,7799
03041,FELIX,,0,599
02150,FELIX DE AYALA,,1600,1899
02216,FELIX  OSCAR ARTUSO SUBOFICIAL 1º,,700,999
00578,FERNANDEZ JUAN,,0,12049
00404,FERNANDO BONNET,,0,1099
02353,FERNANDO CATUOGNO,,12000,12499
02671,FERRE PEDRO,,7300,7399
00575,FIGUEROA ALCORTA,,200,3199
00575,FIGUEROA ALCORTA JOSE,,200,3199
00571,FINOCHIETTO ENRIQUE,,0,10299
03042,FLORENCIA,,0,399
03043,FLORENCIO,,0,99
00741,FLORENCIO MARTINEZ DE HOZ,,400,9499
04067,FLORENCIO PARRAVICINI,,4300,4799
00906,FLORENCIO SANCHEZ,,0,4299
00792,CIUDAD DE ONEGLIA,,0,1699
00890,CIUDAD DE ROSARIO,,200,2599
00945,CIUDAD DE SAN CAYETANO,,0,10049
00302,FLORISBELO ACOSTA,,0,10499
00580,FORMOSA,,0,6199
04086,FRAGATA HALCON,,3600,3999
04085,FRAGATA ITATI,,3600,3999
04088,FRAGATA LIBERTAD,,3400,3999
04087,FRAGATA MALDONADO,,3600,3999
04029,FRAGATA SARMIENTO,,2800,3499
03044,FRANCA,,0,699
00582,FRANCIA,,0,4199
05062,GUTENBERG BIS B,EL MARTILLO,7100,7499
03136,FRANCISCA,,0,1099
03045,FRANCISCO,,0,499
02277,FRANCISCO ALVAREZ,,3400,5199
00877,FRANCISCO ANGEL RIZZUTO,,0,1899
04099,FRANCISCO CANARO,,9600,9899
04009,FRANCISCO CHACAHUAC,,5500,7099
00589,FRANCISCO FERRER,,0,999
02310,FRANCISCO PIZARRO,,10900,11399
02346,FRANCISCO SARTORA,,1800,2799
00943,FRANCISCO SAVERIO SCARPATTI,,0,1899
00585,FRENCH DOMINGO,,3300,10599
02097,FRENGUELLI JOAQUIN,,5300,7499
02341,CLEMENTE CAYROL,,2100,2199
04097,FRESEDO OSVALDO,,9700,10499
00586,FRIULI,,300,3999
00590,FUNES GREGORIO,,0,4399
03319,FURLONG GUILLERMO,,800,1199
00592,GABOTO,,3100,11399
03046,GABRIEL,,0,99
02289,GABRIELA MISTRAL,,3450,3799
02056,GALEANA ANTONIO,,0,5571
00595,GALICIA,,0,3199
02159,GALLARDO ANGEL,,1400,1999
00862,GAMAL ABDEL NASSER,,0,3399
02065,GANDHI MAHATMA,,2600,5299
00599,GARAGIOLA ALBERTO,,7900,7999
00600,GARAY JUAN DE,,0,10799
00659,GASPAR MELCHOR DE JOVELLANOS,,0,2099
03047,GENARO,,0,99
00610,GENARO GIACOBINI,,1500,3199
00607,GENOVA,,1500,9899
05059,GENOVA BIS,,7100,7499
02709,CNO.A LOS PATOS - EL COYUNCO,,0,2299
02711,CNO.A LOS PATOS - EL COYUNCO B,,3000,5799
02712,CNO.A LOS PATOS - EL COYUNCO B,SANTA PAULA,5800,9699
00859,GERONIMO REJON,,3500,9799
03048,GERTRUDIS,,0,499
04210,GERTRUDIS-BQ.P.R,,1700,2099
04210,GERTRUDIS M.,,1700,2099
02214,GIACHINO PEDRO EDUARDO CAPITAN FRAGATA,,600,899
00747,GIACOMO MATTEOTTI,,0,3199
02285,GLORIA TREJON DE LOPEZ,,3450,3799
00505,GODOFREDO DAIREAUX,,0,2399
00619,GO?I JUAN,,400,3199
05054,GO?I JUAN BIS,,1700,1999
04030,GOLETA SARANDI,,3620,3799
04150,GOLONDRINA,,7000,7699
00608,GONZALEZ CHAVEZ,,400,6199
02160,GONZALEZ SEGURA CESAR,,1300,2199
03049,GRACIELA,,0,799
04045,GRANJA MARUCHA,,700,799
00622,GRECIA,,0,7299
03050,GREGORIO,,0,99
02268,GREGORIO GOROZO,,6100,6299
04287,GRIERSON CECILIA,,100,2799
04287,GRIERSON CECILIA DOCTORA,,100,2799
02098,GROEBER PABLO,,5300,7699
04707,DIAGONAL BORDE ARROYO,,0,1699
00408,DIAGONAL BOSQUE GRANDE,,8900,9499
04627,DIAGONAL CALLE 42,,800,1499
04628,DIAGONAL CALLE 44,,700,1499
04629,DIAGONAL CALLE 46,,500,1499
00625,GUANAHANI,,2700,10699
04023,GUARDACOSTA ISLAS MALVINAS,,2900,3599
04022,GUARDACOSTAS RIO IGUAZU,,2900,3899
00623,GUAYANA,,200,2599
04179,GUAYCURUES,,1100,1799
00609,GUERNICA,,0,1699
02161,GUERRICO ANATILDO,,1400,1799
00630,GUIDO TOMAS,,0,4399
03051,GUILLERMO,,0,199
00388,GUILLERMO BAYLEY DOCTOR,,0,2599
00732,GUILLERMO MARCONI INGENIERO,,0,4199
02299,GUILLERMO VAN HEDEN,,3000,4499
02194,GUSTAVO MARCELO PLANES SOLDADO,,300,799
04107,INCA HUEN,,0,1499
04353,INCA HUEN,PLAYA LOS LOBOS,0,7699
05052,INDA RUFINO BIS,,1900,1999
03354,indios Araucanos,,0,399
04632,DIAGONAL CALLE 52,LOMAS DE BATAN,200,1099
04632,DIAGONAL CALLE 52,ESTACION CHAPADMALAL,200,1099
04661,DIAGONAL CALLE 52,SAN EDUARDO DEL MAR,2450,2549
04633,DIAGONAL CALLE 54,,1100,2099
00647,IRALA,,2800,100011
00647,IRALA DOMINGO DE,,2800,100011
03060,IRENE,,0,549
03061,ISABEL,,0,399
03062,ISIDORO,,0,199
02394,ISLA BLANCO,,0,199
02401,ISLA CANDELARIA,,0,1549
02400,ISLA CORONACION,,0,6999
02403,ISLA DE BORBON,,0,299
00474,ISLA DE CERDEÑA,,0,1699
00643,ISLA DE ISCHIA,,600,799
02399,ISLA DE LOS ESTADOS,,0,1450
02407,ISLA ELEFANTE,,100,1799
02408,ISLA JOINVILLE,,590,1799
02395,ISLA LAURIE,,0,299
02405,ISLA PAJAROS,,0,1699
02404,ISLA REMOLINOS,,0,1610
01417,ISLAS BALEARES,,0,1099
02396,ISLA SEBALDES,,0,1399
02067,ISLA SOLEDAD,,5100,5199
00461,DIAGONAL CENTRAL,,0,5198
00606,DIAGONAL CESAR GASCON,,1900,3199
00340,DIAGONAL CORTADA DEL TANGO,,3300,3399
00977,DIAGONAL DALMACIO VELEZ SARSFIELD,,0,3299
00615,DIAGONAL ELPIDIO GONZALEZ,,4700,5799
00799,DIAGONAL ENRIQUE SANTOS DISCÉPOLO,,1750,2459
02409,ISLAS TULES DEL SUR,,400,1799
02406,ISLA TRAVERSE,,0,1699
02398,ISLA TRINIDAD,,0,1450
02397,ISLA VIGIA,,0,1399
00652,ITALIA,,0,4199
00655,ITUZAINGO,,3100,10699
03063,JACINTO,,0,899
00824,JACINTO PERALTA RAMOS,,0,6499
00475,JERONIMO COSTA CORONEL,,0,2999
03064,JOAQUIN,,0,79
00300,JOAQUINA ACEVEDO,,0,8199
00617,JOAQUIN V. GONZALEZ,,0,2799
00671,JOHN FITZERALD KENNEDY,,5700,5799
03065,JORGE,,0,199
02205,JORGE ALBERTO LLAMAS SOLDADO,,1400,1699
02296,JORGE AVALOS,,3000,3399
00549,DIAGONAL ESTADOS UNIDOS DE NORTEAMERICA,,0,4809
00640,DIAGONAL GUILLERMO ENRIQUE HUDSON,,4200,4599
02255,JORGE CAFRUNE,,5600,5850
02190,JORGE NICOLAS POLITIS PILOTO,,800,1099
01431,JORGE RODOLFO DIETSCH DOCTOR,,0,3999
03066,JOSE,,50,99
02340,JOSE ADRIAN BOTANA,,1700,2199
00514,JOSE AGUSTIN DE LA MAZA,,2800,5299
00334,JOSE ALONSO,,3200,4479
00803,JOSE ANDRES PACHECO DE MELO,,2900,4999
00339,JOSE ANTONIO ALVAREZ CONDARCO,,4700,7799
00433,JOSE ANTONIO CABRERA,,2400,3799
00447,JOSE CARDIEL PADRE,,3600,9799
00464,JOSE COEHLO DE MEYRELLES,,0,6599
02213,JOSE DANTE FAUR SUB OFICIAL.2º,,0,899
02354,JOSE DE LA LLOSA,,2100,2199
02337,JOSE DEYACOBBI,,1700,2199
04011,JOSE DOCNOYAHAL,,4600,4799
00538,JOSE DUTTO PADRE,,0,3499
00468,JOSE EUSEBIO COLOMBRES,,2600,3199
02458,José Ferrari Ocaña,,100,999
03067,JOSEFINA,,0,99
00602,JOSE GARIBALDI,,4700,5799
00367,JOSE GERVASIO ARTIGAS GENERAL,,100,2999
00637,JOSE HERNANDEZ,,0,6399
05075,ESPIGON 7,,0,0
02158,ESQUEL,,1100,1299
00383,JUANA AZURDUY,,0,1899
04799,JUANA AZURDUY BIS,,700,773
00547,ESTADO DE ISRAEL,,0,7299
04034,ESTANCIA CABO CORRIENTES,,4900,5899
04070,JUAN A CASACUBERTA,,4199,4798
02428,Juan Acha,,0,1799
02298,JUANA DE IBARBOUROU JUANA FERNANDEZ,,3000,3199
00730,JUANA MANSO,,0,6599
00620,JUANA MANUELA GORRITI,,0,2199
00822,JUAN A. PEÑA,,3600,9249
00320,JUAN BAUTISTA ALBERDI,,0,2799
00382,JUAN BAUTISTA AZOPARDO,,2500,12499
00516,JUAN BAUTISTA DE LA SALLE,,0,2799
00619,JUAN B. GOÑI,,400,3199
04006,JUAN CALCHAQUI,,5900,10899
02543,JUAN CARLOS CASTAGNINO,,1300,1699
00521,JUAN CARLOS DAVALOS,,100,199
04017,JUAN CONIQUEGUEN YAHAN,,4600,4799
04095,JUAN D`ARIENZO,,2100,3099
00588,JUAN DE DIOS FILIBERTO,,300,4299
02280,JUAN FACUNDO QUIROGA,,3700,3899
00482,JUAN F. CZETZ CORONEL,,0,3598
02466,Juan Ferminia,,700,1799
04157,LA PERDIZ,,900,1299
04734,LA POSTA,,5600,5799
00542,TOMAS ALVA EDISON,,0,3199
04036,ESTANCIA ITUZAINGO,,1300,2099
04037,ESTANCIA LA ARMONIA,,5200,5899
00631,JUAN GUTENBERG,,1300,9499
02258,JUAN JAUREGUI,,3600,5850
02204,JUAN JOSE  FALCONIER MAYOR,,1400,2299
02262,JUAN JOSE PEREDA,,3600,5199
01407,JUAN JOSE VALLE,,0,849
02452,Juan Laborde,,600,3099
00724,JUAN MADARIAGA GENERAL,,200,2599
00735,JUAN MARIANI,,0,8999
00766,JUAN MARTIN ZABALA MONSEÑOR,,0,1599
00633,JUAN NESTOR GUERRA,,600,999
00578,JUAN N. FERNANDEZ,,0,12049
00953,JUAN TORRES DE VERA Y ARAGON,,0,7099
00988,JUAN VUCETICH,,1200,3199
00662,JUJUY,,100,4499
03070,JULIA,,0,99
03152,LA LOMADA,,0,399
00675,LAMADRID,,2100,4799
04148,LA MARTINETA,,7000,7099
04739,LA MATERA,,5300,5399
00689,LA PAMPA,,0,3999
00680,LAPRIDA,,700,5199
02069,LA PRIMAVERA,,2900,5099
03149,LA QUEBRADA,,0,399
04736,LA QUERENCIA,,5600,5699
04063,LA RATONERA,,0,399
00691,LA RIOJA,,1000,4599
00682,LARREA,,200,3599
02481,LAS ACACIAS,,0,499
02315,LAS ALAMEDAS,,10700,11399
04115,LAS ALMEJAS,,0,1499
03195,LAS AZALEAS,,0,2249
02226,LAS AZUCENAS,,1100,1399
04128,LAS BALLENAS,,100,1199
02052,LAS CABRILLAS,,3000,3499
04195,LAS CALAS,,3650,3799
02233,LAS CAMELIAS,,1100,1299
04103,LAS CARACOLAS,,0,1499
00453,LAS CASUARINAS,,8300,8399
04112,LAS CENTOLLAS,,0,1499
02275,LAS CHARITAS,,3400,6299
04741,LAS CORTADERAS,,4900,5099
04116,LAS CORVINAS,,0,1399
02077,LAS DALIAS,PARQUE CAMET,2900,4799
02077,LAS DALIAS,FRAY LUIS BELTRAN,2900,4799
04206,LAS DALIAS,EL JARDIN DE PERALTA RAMOS,3700,3799
02476,LAS ENCINAS,,150,399
02302,LA SERRANA,,2600,4099
03147,LA SERRANIA,,0,399
04134,LAS FOCAS,,100,1499
02088,LAS FRECIAS,,6000,7099
03193,LAS FRESAS,,1600,1699
04217,LAS GALLARETAS,,150,249
02231,LAS GARDENIAS,,1100,1299
03189,LAS GROSELLAS,,1600,1699
04040,ESTANCIA LAGUNA DE LOS PADRES,,0,1099
04041,ESTANCIA LA PEREGRINA,,0,1299
04044,ESTANCIA SAN JULIAN DE VIVORATA,,1200,3115
03209,LAS HAYAS,,500,1649
00685,LAS HERAS,,2100,4799
02074,LAS HIGUERAS,,2900,3299
04198,LAS HORTENSIAS,,3200,3349
02092,LAS LAMBERCIANAS,,6000,7399
02734,LAS LAMBERTIANAS,EL JARDIN DE PERALTA RAMOS,0,3529
04118,LAS LISAS,,0,1299
02301,LAS LOMAS,,3700,4458
04110,LAS MADREPERLAS,,400,1499
02237,LAS MAGNOLIAS,,1900,3599
02080,LAS MARAVILLAS,,2900,5498
04190,LAS MARGARITAS,,0,7401
02477,LAS MORERAS,,200,499
04126,LAS NUTRIAS,,100,199
04133,LAS ORCAS,,100,1299
04121,LAS OSTRAS,,0,1299
02082,LAS PALMERAS,FRAY LUIS BELTRAN,3100,5499
02541,LAS PALMERAS,ESTACION CAMET,0,149
02082,LAS PALMERAS,PARQUE CAMET,3100,5499
04119,LAS PALOMETAS,,0,1299
04104,LAS RETAMAS,,0,699
04207,LAS ROSAS,EL JARDIN DE PERALTA RAMOS,3200,3299
02232,LAS ROSAS,LAS MARGARITAS,1100,1399
04218,LAS TIJERETAS,,150,249
04132,LAS TONINAS,,100,1299
04124,LAS TORTUGAS,,0,1299
02084,LAS TOTORAS,,3500,5499
04211,LAS TRES MARIAS,,1700,2099
04758,LAS TRES MARIAS-L.DEL GOLF,,4200,4398
04763,LA SURE?A,,4900,4999
04200,LAS VIOLETAS,PUNTA MOGOTES,3200,3349
02722,LAS VIOLETAS,,3800,4099
02253,ESTANISLAO DEL CAMPO,,5400,5851
00997,ESTANISLAO S. ZEBALLOS,,0,7999
02228,LAS VIOLETAS,LAS MARGARITAS,1100,1399
04152,LA TIJERETA,,7000,7699
04050,LA TORCACITA,,0,399
04154,LA TORCAZA,,7000,7699
03201,LA TROPILLA,,600,799
03073,LAURA,,200,299
03151,LA VAGUADA,,0,399
00687,LAVALLE  JUAN GENERAL,,2200,4999
04728,LA VIHUELA,,5500,5599
03074,LEANDRO,,300,399
00325,LEANDRO N. ALEM,,2300,5099
00690,LEBENSOHN MOISES,,1700,9999
04764,LEGH II,,3500,3599
00891,LEONARDO ROSALES,,2200,12499
02660,Leoncio Camargo,,0,199
02343,LEON FRAGNAUD,,2100,2199
00726,LEOPOLDO MARECHAL,,6400,6899
00754,LEOPOLDO MENDEZ,,0,299
03075,LETICIA,,0,299
02316,LIBERTADOR SAN MARTIN GENERAL,,3500,4499
00697,LIBRES DEL SUR,,0,2099
00727,LICIO MANSILLA GENERAL,,0,5299
03077,LIDIA,,0,299
03078,LILIANA,,0,99
02167,LILLO LUIS,,1400,1699
00702,LINIERS,,0,599
00515,LISANDRO DE LA TORRE,,0,6699
00699,LITUANIA,,0,1099
04341,LLIFEN,PLAYA LOS LOBOS,100,699
00704,LOBERIA,,0,4399
04723,LOMAS DEL GOLF,,50,3099
04226,LOMBARDIA,,0,1099
00705,LOPEZ DE GOMARA JUSTO,,3800,10199
00711,LORENZINI CAROLA,,0,2199
04547,LOS ABEDULES,,2150,2349
04548,LOS ABETOS,EL JARDIN DE PERALTA RAMOS,2000,2149
02168,LOS ABETOS,ESTACION CAMET,1700,1999
04778,LOS ABIPONES,,2000,2099
02418,LOS ALAMOS,,0,299
04209,LOS ALAMOS,EL JARDIN DE PERALTA RAMOS,1900,2099
00316,LOS ALAMOS,BOSQUE ALEGRE,8500,8899
04209,LOS ALAMOS,PUNTA MOGOTES,1900,2099
02625,LOS ALAMOS - BO. CAMET,,7400,8099
02225,LOS ALELIES,,1100,1299
00326,LOS ALGARROBOS,,0,99
03194,LOS ALMENDROS,,0,2249
02725,LOS ALMENDROS,ESTACION CAMET,0,99
04742,LOS APEROS,,4800,4999
03208,LOS ARCES,,500,599
04117,LOS ARENQUES,,0,1299
02479,LOS AROMOS,ESTACION CAMET,0,499
00363,LOS AROMOS,BOSQUE ALEGRE,8700,8899
02089,LOS ARRAYANES,,6100,6999
04743,LOS ARRIEROS,,4900,4999
03190,LOS AVELLANOS,,1600,2049
04213,LOS AZTECAS,,1300,1699
04729,LOS BAQUEANOS,LOMAS DEL GOLF,5600,5799
04730,LOS BAQUEANOS B,LOMAS DEL GOLF,5500,5599
04120,LOS CALAMARES,,0,1299
04748,LOS CANDILES,,4100,4199
04759,LOS CARDALES,,4700,4799
04771,LOS CIPRECES-BQ.P.R,,2000,2099
03212,LOS CIRUELOS,,200,1699
02229,LOS CLAVELES,,1100,1299
04772,LOS CLAVELES-BQ.P.R,,3500,3699
04178,LOS COMECHINGONES SUR,,1100,1499
04108,LOS CORALES,,400,1499
04770,LOS CRISANTEMOS,,3400,3499
00540,ESTEBAN ECHEVERRIA,,0,3199
00605,ESTEBAN GASCON,,0,10599
03034,ESTER,,300,399
04129,LOS DELFINES,,100,1299
02732,LOS DIAGUITAS,,1900,2099
02072,LOS DURAZNEROS,,2900,5299
02719,LOS EUCALIPTOS,ESTACION CAMET,700,1199
00568,LOS EUCALIPTUS,,500,1099
04768,LOS EUCALIPTUS-BQ.P.R,,2200,2399
04760,LOS FOGONES,,4500,4699
04538,LOS FRESNOS,PUNTA MOGOTES,1700,1799
02475,LOS FRESNOS,ESTACION CAMET,0,499
02236,LOS GERANIOS,LAS MARGARITAS,2000,3599
04196,LOS GERANIOS,EL JARDIN DE PERALTA RAMOS,3550,3799
02230,LOS GLADIOLOS,,1100,1399
02076,LOS GRANADOS,,2900,5799
04165,LOS GUARANIES,,1200,4249
03199,LOS HALCONES,,250,759
02081,LOS HELECHOS,,3500,5499
04106,LOS HIPOCAMPOS,,0,1499
04214,LOS INCAS,,1200,1599
03214,LOS INCIENSOS,,400,2249
04201,LOS JACINTOS,,3200,3449
02234,LOS JAZMINES,LAS MARGARITAS,1100,1399
04204,LOS JAZMINES,EL JARDIN DE PERALTA RAMOS,2000,2099
02083,LOS JUNCOS,,4800,5499
02071,LOS LIMONEROS,,3100,3299
02736,LOS LIRIOS,,3700,3799
04197,LOS MALVONES,,3650,3799
02070,LOS MANZANOS,,2900,5299
04181,LOS MAPUCHES,,900,2199
04111,ESTRELLA DE MAR,,0,1499
04219,LOS MATACOS,,1900,2099
04122,LOS MEJILLONES,,0,1299
03164,RIO LIMAY,,0,799
03210,LOS MIMBRES,,0,1699
04212,LOS MINUANES,,2000,3999
03198,LOS MIRLOS,,250,2249
04779,LOS MOCORETA,,2150,2199
04556,LOS MOHICANOS,,900,999
02073,LOS NARANJOS,,2900,5799
02235,LOS NARDOS,,1100,1299
04131,LOS NARVALES,,100,1299
04114,LOS NAUTILUS,,0,1499
00783,LOS NOGALES,BOSQUE ALEGRE,0,99
04546,LOS NOGALES,EL JARDIN DE PERALTA RAMOS,1750,1799
02483,LOS NOGALES,,0,699
03213,LOS OLIVARES,,300,799
04545,LOS OLMOS,PUNTA MOGOTES,1700,1749
02421,LOS OLMOS,ESTACION CAMET,0,999
00791,LOS OLMOS,BOSQUE ALEGRE,8300,8799
00715,LOS OMBUES,,200,399
02260,LOS ORTIZ,,4500,11299
04745,LOS PALENQUES,,4100,4199
04550,LOS PARAISOS,EL JARDIN DE PERALTA RAMOS,1900,1999
02480,LOS PARAISOS,ESTACION CAMET,0,199
03145,LOS PEÑASCOS,,0,399
03211,LOS PERALES,,100,799
02473,LOS PINOS,,0,599
00835,LOS PINOS,BOSQUE ALEGRE,8300,8499
04138,LOS PINOS,PUNTA MOGOTES,1900,2299
04138,LOS PINOS,EL JARDIN DE PERALTA RAMOS,1900,2299
04325,LOS PLATANOS,EL JARDIN DE PERALTA RAMOS,1900,1999
00836,LOS PLATANOS,LAS AVENIDAS,600,1199
02478,LOS PLATANOS,,0,499
04726,LOS PLATEROS,,5500,5599
02079,LOS QUEBRACHOS,,2900,6799
02731,LOS QUERANDÍES,,1900,2099
04554,LOS QUILMES,,1900,2099
04158,LOS RANQUELES,,1150,1999
02166,LOS ROBLES,,0,799
04544,LOS ROBLES,EL JARDIN DE PERALTA RAMOS,1900,2299
00875,LOS ROBLES,BOSQUE ALEGRE,8300,8399
04113,LOS SALMONES,,0,1499
04208,LOS SAUCES,EL JARDIN DE PERALTA RAMOS,2150,2349
00929,LOS SAUCES,BOSQUE ALEGRE,0,199
04553,LOS TALA,,2300,2349
04781,LOS TAPES,,2050,2099
02419,Hermida,,0,199
00422,HERMINIA BRUMANA,,0,8199
00994,HIPOLITO YRIGOYEN,,1000,4599
02680,Hnos Aldacoche,,900,950
02453,Hnos Frascarolio,,300,999
00834,LUIS PIEDRABUENA COMANDANTE,,0,3199
04066,LUIS SANDRINI,,3800,5799
02339,LUIS VARESSE,,1700,2199
03187,LUIS VARETTO PADRE,,0,3999
00976,LUIS VERNET,,1400,3998
04180,LULES,,1200,1699
03083,MABEL,,100,1699
02278,MACACHA GUEMES,,3700,3899
00583,MACEDONIO FERNANDEZ,,0,399
05057,MAC GAUL ANDRES BIS,,2300,2399
04709,MADRE TERESA DE CALCUTA,,2900,5599
00720,MAGALLANES,,0,11899
04699,MAGRASSI GUILLERMO,,5500,6699
00949,TERMAS DE RIO HONDO,,0,3699
00315,JULIAN AGUIRRE,,0,8099
00473,JULIO CANESSA,,0,4399
02281,JULIO CORTAZAR,,3700,3899
04232,JULIO DE CARO,,0,1099
01005,JULIO MUÑOZ,,2150,2199
00722,MAIPU,,3100,10699
04155,LA ALONDRA,,7000,7699
02090,LA AURORA,,6000,7099
00693,LABARDEN,,0,4399
00850,MANUEL QUINTANA,,0,7399
04288,MARADONA LAUREANO ESTEBAN DOCTOR,,100,3299
03294,MARCELA,,0,199
00548,MARCELINO ECHEGARAY,,0,10499
02209,MARCELO GUSTAVO FRAGATA MARQUEZ TENIENTE,,1900,2399
00579,MARCELO JULIO FITTE DOCTOR,,0,3399
00952,TIERRA DEL FUEGO,,0,3999
04153,LA CACHIRLA,,2700,7699
04052,LA CALANDRIA,EL JARDIN DE PERALTA RAMOS,0,399
00345,MARCELO T. DE ALVEAR DOCTOR,,0,6499
00928,MARCOS SASTRE,,0,2999
03085,MARGARITA,,0,199
03086,MARIA,,0,99
00753,MARIA ADELINA FUNES DE MILLAN,,0,2499
03087,MARIANA,,0,299
03088,MARIANO,,0,299
00305,MARIANO ACOSTA GOBERNADOR,,0,3899
00478,MARIANO CASTEX DOCTOR,,900,10399
04014,MARIANO ROSAS,,6200,9999
00581,MARIA TERESA FERRARI DE GAUDINO DOCTORA,,1200,1399
02326,ORO NEGRO,,0,3399
03168,RIO LULES,,0,699
00480,MARIE CURIE,,0,7399
03089,MARIO,,0,199
00346,MARIO ABEL AMAYA DIPUTADO,,200,3099
02193,MARIO ANTONIO CISNERO SARGENTO 1º,,100,899
00417,MARIO BRAVO,,0,10299
02203,MARIO RAMON LUNA CABO,,1400,1899
04001,MARIQUE CACIQUE,,5900,9999
02171,MARQUEZ RAMON TENIENTE CORONEL,,1100,1399
03090,MARTA,,0,599
03091,MARTIN,,0,199
02257,MARTIN ALONSO PINZON,,5500,5850
02064,MARTINEZ ANTONIO,,0,5999
04056,LA CIGUEÑA,,0,399
03144,LA COLINA,,0,399
04750,LA CRUZ DEL SUR,,4700,4799
03139,LA CUESTA,,0,99
04345,LAFQUEN,PLAYA LOS LOBOS,100,699
05053,MARTINEZ DE HOZ FLORENCIO BIS,,1900,1999
00074,MARTINEZ DE HOZ MIGUEL,,330,399
02222,MARTIN FIERRO,,1100,1399
00497,MARTINIANO CHILABERT,,0,3599
00627,MARTIN MIGUEL DE GUEMES,,2000,4899
02442,Martin Oviedo,,0,1799
02449,Martin Sanchez de Junco,,400,1299
00743,MASCIAS ALBERTO ROQUE,,1700,2299
00745,MATHEU DOMINGO,,0,6599
00821,PEHUAJO,,0,3199
00942,MATIAS STROBEL,,0,10599
00746,MATIENZO BENJAMIN,,1448,2299
03092,MATILDE,,0,99
03093,MAURO,,0,99
04289,MAZZA SALVADOR DOCTOR,,100,2999
00750,MEJICO,,0,4099
04776,MELINAO,,4000,4199
00752,MENDOZA,,2000,4999
02550,MENENDEZ,,2100,2199
02110,MENGHIN EDUARDO,,6600,6799
03094,MERCEDES,SIERRA DE LOS PADRES,300,399
03095,MIGUEL,,0,199
01006,MIGUEL ANGEL CASTELLANO DOCTOR,,0,599
02305,MIGUEL CANE,,3400,5199
04756,TIERRA GAUCHA,,4500,4699
04151,LA GAVIOTA,,0,7699
02108,LAHILLE FERNANDO,,6600,7399
00761,MIGUEL DE ANDREA MONSEÑOR DOCTOR,,2700,3199
00964,MIGUEL DE UNAMUNO,,0,2399
00936,MIGUEL ESTANISLAO SOLER,,1900,12499
04712,MIGUELETES,,1200,1899
00624,MIGUEL GUGLIELMOTTI,,200,1199
00902,MIGUEL SAGASTIZABAL,,0,7999
02352,MIGUEL URRUTIA,,1900,2199
02460,Miguel Vignolo,,100,1399
03295,MIRTA,,0,199
00819,PELAYO,,200,2199
04149,PERDIZ,,7000,7449
00757,MISIONES,,0,4099
00760,MITRE BARTOLOME,,1100,4599
04177,MOCOBIES,,2100,2199
04189,MOCTEZUMA,,4000,7401
02050,MONSALVO,,3100,3499
04791,MONTE MALABRIGO,PARQUE INDUSTRIAL,0,1999
02294,MONTE MALABRIGO,EL COLMENAR,2900,5499
02382,MONTE OLIVIA,,6600,7799
00767,MORENO,,1000,19998
02175,MORENO PERITO,,4000,5599
04176,TINGUES,,2100,2198
02165,LA LAURA,,3600,4299
04747,LA LEGUA,,4700,4899
02627,LA LOMA,,8000,8299
00772,MOSCONI ENRIQUE C. GENERAL,,0,3799
02172,MOYANO CARLOS,,1100,1299
02173,NAHUEL HUAPI,,4200,5599
04185,NAHUELPAN,,4700,4999
04184,NAMUNCURA,,4300,4999
00777,NAPOLES,,1600,9899
03096,NARCISO,,0,299
03097,NATALIA,,0,199
03098,NATIVIDAD,,0,599
00692,ONESIMO LEGUIZAMON,,0,3399
00794,ORIGONE MANUEL FELIX,,7900,8499
00780,NECOCHEA,,3100,9799
03099,NESTOR,,0,499
00782,NEUQUEN,,0,4199
00784,NEWBERY EDUARDO,,7900,8499
04102,NEWBERY J.,,3200,12699
02273,NICOLAS DAZEO,,3700,5499
04331,NN A,,3200,3599
04332,NN B,,1500,1699
03100,NOEMI,,0,799
02463,Nogueira,,400,1799
03101,NORA,,0,99
03102,NORBERTO,,0,99
03181,NUESTRA SEÑORA DE LA CONCEPCION,,0,799
03182,NUESTRA SEÑORA DE LOS DESAMPARADOS,,0,1699
04164,TOBAS,,1200,2099
04233,NUESTRA SRA DE SCHOENSTATT,,0,3599
03103,OFELIA,,0,499
00785,O'HIGGINS,,200,2099
00787,OLAVARRIA,,2100,4899
00790,OLAZABAL FELIX DE,,0,4199
00789,OLEGARIO OLAZAR,,0,9399
00350,OLEGARIO V ANDRADE,,0,2199
03104,OLGA,,0,449
04714,OLLEROS,,1300,1799
02189,OMAR ALDO FERREYRA  SOLDADO,,900,1099
00800,ORTIZ DE ZARATE,,2800,11499
03105,OSCAR,,0,99
03106,OSVALDO,,0,199
04097,OSVALDO FRESEDO,,9700,10499
00763,OSVALDO MAGNASCO,,0,4399
01000,OTTO KRAUSE INGENIERO,,5000,5199
02087,OUTES FELIX,,5600,6799
03107,OVIDIO,,0,99
03108,PABLO,,0,199
00781,PABLO NERUDA,,0,199
02086,PABON PEDRO,,5500,5699
03183,PADRE GUILLERMO FURLONG,,0,799
04735,PAGO CHICO,,5600,5699
02456,Pajarito Pereyra,,200,999
01470,PALESTINA,,9500,10899
02169,LOS CASTAÑOS,ESTACION CAMET,1400,1699
00458,LOS CEDROS,BOSQUE ALEGRE,8600,8899
02482,LOS CEDROS,ESTACION CAMET,0,699
02626,LOS CEDROS - BO. CAMET,,7400,8099
00805,PARAGUAY,,0,2599
04716,PARANA,,1300,1799
02105,PARODI LORENZO,,1,8299
00811,PASAJE BANAT GABITO,,3100,3199
04222,PASAJE CALLE 46,,3200,3799
00459,PASAJE CATEDRAL,,1700,1799
00511,PASAJE DE ANGELI,,0,199
04237,PASAJE EL DANTE,,0,99
04238,PASAJE EL FARO,,0,49
00427,PASAJE JUAN CARLOS CASTAGNINO,,200,899
00813,PASAJE MAR DEL PLATA,,500,599
00905,PASAJE SAN BERNARDO,,500,599
00768,PASAJE VECINALISTA ABELARDO MOLTENI,,4700,4799
04732,PASCANA GRANDE,,5500,5599
03109,PASCUAL,,0,249
00775,PASCUAL MUGABURU,,0,8099
02207,PASCUAL RENE BLANCO SARGENTO 1º,,129,1899
01002,PASEO CELSO NICANOR  ALDAO DOCTOR,,5500,6100
02457,Pedro y Tadeo Franco,,100,999
00842,PRIMERA JUNTA,,0,8199
00844,PRINGLES,,200,2599
05035,PSJE.BERUTI ANTONIO,,9450,9749
05038,PSJE. ECUADOR,,0,99
04769,PSJE.EL CARDENAL - BQ.P.R,,2100,2199
04774,PSJE.EL HORNERO-BQ.P.R,,3600,3699
04773,PSJE.EL ZORZAL-BQ.P.RAMOS,,3600,3699
05036,PSJE.ERREA FERMIN,,0,149
05034,PSJE.GARDEL CARLOS,,600,899
05039,PSJE. PORTUGAL,,0,149
05037,PSJE.VENEZUELA,,0,99
05056,PTA. RAMOS E. BIS,,2000,2299
00829,PTA.RAMOS EDUARDO,,0,3399
00846,PUAN,,1700,9999
04339,PUCO YAN,PLAYA LOS LOBOS,100,699
04175,PUELCHES,,1100,1899
02176,PUERTO MADRYN,,1100,1399
02057,PUJIA JOSE,,0,5599
02311,PURA SAGASTA,,3200,3499
02177,QUESADA JOSE,,1400,1599
04784,QUINQUELLA MARTIN BIS,,700,799
00527,RAFAEL DE RIEGO GENERAL,,0,3199
02445,Rafael Garcia,,200,1499
02327,RAFAEL LATUF,,2100,2245
02256,RAFAEL OBLIGADO,,3600,5848
05099,RAMBLA PUNTA MOGOTES,,2,24
01469,RAMIREZ  FRANCISCO J. GENERAL,,300,3299
02676,Ramon Arves,,500,599
02349,RAMON CABEZAS,,1900,2199
00488,RAMON CARRILLO DOCTOR,,600,2899
02206,RAMON DE LA COLINA COMODORO,,1400,1899
03289,RAMON ITURRIOZ,,0,799
03115,RAQUEL,,0,99
00932,SICILIA,,1400,9099
00870,RIO NEGRO,,3400,10199
03156,RIO NEGRO,LA GLORIA DE LA PEREGRINA,0,399
00808,PAZ JOSE MARIA GENERAL,,2400,5099
03112,PEDRO,,0,299
03237,RIO NOGOYA,,100,199
03155,RIO PARANA,,0,399
03236,RIO PILCOMAYO,,0,1099
03233,RIO PINTO,,0,2899
03158,RIO SAMBOROMBON,,0,798
03172,RIO SUQUIA,,0,1399
03175,RIO TERCERO,,0,699
03231,RIO TEUCO,,500,1999
03170,RIO TUPUNGATO,,400,1399
03117,RITA,,0,99
00872,RIVADAVIA,,2000,19998
00874,RIVAS IGNACIO GENERAL,,2300,4999
03118,ROBERTO,,0,199
00358,ROBERTO ARLT,,5800,5899
00876,ROCA JULIO,,0,8199
00876,ROCA JULIO ARGENTINO GENERAL,,0,8199
01405,RODOLFO WALSH,,0,1099
00880,RODRIGUEZ MARTIN,,200,1599
00966,URQUIZA JUAN JOSE DE GENERAL,,2400,5099
02443,Pedro Ferrari,,0,1699
00574,PEDRO FERRE,,4600,5199
02357,PEDRO GOYENA,,11500,12899
02444,Pedro Guillen,PARQUE EL CASAL,0,1599
00451,PEDRO IGNACIO DE CASTRO BARROS,,2500,3199
02461,Pedro Irigoyen,,200,1799
00749,PEDRO MEDRANO,,2800,5299
00356,PEDRO MIGUEL ARAOZ,,2200,3199
00881,RODRIGUEZ PEÑA,,0,8199
01003,ROLDAN BELISARIO BIS,,2800,2999
02055,ROMANO NESTOR,,0,5549
00904,SALTA,,300,4499
02250,SALVADOR ALLENDE,,2050,4099
00931,SAN ANTONIO,,8300,8899
04170,SANAVIRONES,,1200,2099
05046,SAN BENITO,,7600,7799
02104,SANCHEZ LABRADOR R.P.,,1,6799
02093,SAN FRANCISCO DE ASIS,,5800,8299
04713,SAN FRANCISCO JAVIER,,0,1899
00435,SAN JOSE DE CALASANZ,,0,2799
00908,SAN JUAN,,0,4349
02314,SANTOS BAÑUELOS,,10700,11299
00926,SARMIENTO,,2100,4899
00888,ROMERO EDUARDO,,2000,3399
00936,SOLER MIGUEL,,1900,12499
00938,SOLIS,,3200,11399
00911,SOUESSIA ISAAC,,700,999
02184,STELLA MARIS,,1400,2499
00944,SUAREZ CORONEL,,0,3499
04020,SUBMARINO ARA SANTA FE,,2900,3599
03125,SUSANA,,0,99
04711,TAGLE,,1300,1799
02186,VILLARINO BASILIO,,1100,1399
00946,TALCAHUANO,,0,3599
03121,ROSANA,,0,99
03290,ROTONDA,,350,449
00438,ROTONDA DEL LAGO,,500,1099
02309,RUBEN DARIO,,11000,11399
00641,RUFINO INDA INTENDENTE,,400,5399
02448,Ruiz,,200,1399
04342,RUMEN CO,PLAYA LOS LOBOS,400,699
00897,RUTA JARDIN JUAN MANUEL FANGIO,,0,29699
00892,RUTA NACIONAL N 2,,0,14499
00898,SAAVEDRA CORNELIO,,0,7399
00355,SABINO DE ARANA Y GOIRI,,1900,12499
04002,SACACHU CACIQUE,,7700,8099
02311,SAGASTA PURA,,3200,3499
02334,SALVADOR VIVA,,1500,2899
00570,TOMAS FALKNER,,0,10099
00614,TOMAS GODOY CRUZ,,4600,6999
00349,TOMAS MANUEL DE ANCHORENA,,4600,7499
00933,TOMAS STEGAGNINI,,0,1499
04018,TOMAS YEMEHUECH,,6200,9499
00714,TORIBIO DE LUZURIAGA,,200,1799
00970,VALENCIA,,3800,10199
04015,VALENTIN SAYHUEQUE,,6200,6599
00974,VALENTIN VERGARA,,1500,3199
03200,VALLE VERDE,,0,2249
02629,VALLE VERDE - BO. CAMET,,8000,8299
02707,VAN HEDEN G,,2900,3199
03140,VECINOS UNIDOS,,0,1099
00973,VELEZ GREGORIO,,7900,8099
00979,VENEZUELA,,200,2999
03130,VERONICA,,400,499
00980,VIAMONTE,,1900,4999
02447,Vicente Cueli,PARQUE EL CASAL,400,2899
00770,WILLIAN C MORRIS,,1000,9699
04004,YAHATY JUAN,,5900,9999
04191,YANQUETRUZ,,3800,4999
00993,YAPEYU,,0,1899
04786,YAPEYU BIS,,700,773
03135,YOLANDA,,0,99
00995,ZANNI PEDRO,,0,1899
02434,Zurita,,0,199
00999,ZUVIRIA MARTINEZ  GUSTAVO,,0,2199
